Respondent_ID,Construct_ID,Score
1.0,1,5
2.0,1,4
3.0,1,4
4.0,1,3
5.0,1,3
6.0,1,2
7.0,1,4
8.0,1,5
9.0,1,4
10.0,1,4
11.0,1,4
12.0,1,4
13.0,1,4
14.0,1,4
15.0,1,4
16.0,1,5
17.0,1,4
18.0,1,4
19.0,1,4
20.0,1,4
21.0,1,3
22.0,1,5
23.0,1,4
24.0,1,3
25.0,1,3
26.0,1,3
27.0,1,5
28.0,1,5
29.0,1,4
30.0,1,4
31.0,1,4
32.0,1,4
33.0,1,4
34.0,1,4
35.0,1,3
36.0,1,5
37.0,1,5
38.0,1,4
39.0,1,4
40.0,1,4
41.0,1,4
42.0,1,3
43.0,1,3
44.0,1,3
45.0,1,4
46.0,1,4
47.0,1,4
48.0,1,4
49.0,1,5
50.0,1,3
51.0,1,5
52.0,1,3
53.0,1,3
54.0,1,4
55.0,1,5
56.0,1,5
57.0,1,4
58.0,1,4
59.0,1,5
60.0,1,5
61.0,1,3
62.0,1,4
63.0,1,4
64.0,1,4
65.0,1,4
66.0,1,4
67.0,1,5
68.0,1,3
69.0,1,4
70.0,1,4
71.0,1,4
72.0,1,4
73.0,1,3
74.0,1,4
75.0,1,4
76.0,1,3
77.0,1,5
78.0,1,5
79.0,1,3
80.0,1,4
81.0,1,3
82.0,1,4
83.0,1,3
84.0,1,4
85.0,1,4
86.0,1,3
87.0,1,4
88.0,1,5
89.0,1,4
90.0,1,3
91.0,1,5
92.0,1,4
93.0,1,4
94.0,1,5
95.0,1,5
96.0,1,4
97.0,1,4
98.0,1,4
99.0,1,3
100.0,1,5
101.0,1,4
102.0,1,3
103.0,1,4
104.0,1,4
105.0,1,5
106.0,1,4
107.0,1,4
108.0,1,5
109.0,1,4
110.0,1,4
111.0,1,4
112.0,1,4
113.0,1,4
114.0,1,4
115.0,1,5
116.0,1,5
117.0,1,5
118.0,1,4
119.0,1,4
120.0,1,4
121.0,1,5
122.0,1,3
123.0,1,3
124.0,1,3
125.0,1,4
126.0,1,3
127.0,1,5
128.0,1,4
129.0,1,4
130.0,1,4
131.0,1,3
132.0,1,4
133.0,1,4
134.0,1,4
135.0,1,3
136.0,1,4
137.0,1,3
138.0,1,4
139.0,1,4
140.0,1,3
141.0,1,4
142.0,1,5
143.0,1,5
144.0,1,3
145.0,1,3
146.0,1,4
147.0,1,4
148.0,1,4
149.0,1,4
150.0,1,4
151.0,1,5
152.0,1,3
153.0,1,4
154.0,1,4
155.0,1,5
156.0,1,4
157.0,1,3
158.0,1,4
159.0,1,4
160.0,1,5
161.0,1,4
162.0,1,4
163.0,1,5
164.0,1,4
165.0,1,3
166.0,1,4
167.0,1,5
168.0,1,3
169.0,1,3
170.0,1,3
171.0,1,4
172.0,1,4
173.0,1,4
174.0,1,2
175.0,1,3
176.0,1,4
177.0,1,5
178.0,1,4
179.0,1,4
180.0,1,4
181.0,1,5
182.0,1,4
183.0,1,3
184.0,1,5
185.0,1,3
186.0,1,3
187.0,1,3
188.0,1,3
189.0,1,2
190.0,1,4
191.0,1,3
192.0,1,3
193.0,1,3
194.0,1,3
195.0,1,4
196.0,1,3
197.0,1,5
198.0,1,3
199.0,1,3
200.0,1,4
201.0,1,5
202.0,1,3
203.0,1,4
204.0,1,4
205.0,1,4
206.0,1,3
207.0,1,5
208.0,1,4
209.0,1,4
210.0,1,4
211.0,1,3
212.0,1,5
213.0,1,4
214.0,1,3
215.0,1,3
216.0,1,4
217.0,1,3
218.0,1,2
219.0,1,3
220.0,1,4
221.0,1,4
222.0,1,4
223.0,1,4
224.0,1,4
225.0,1,5
226.0,1,3
227.0,1,4
228.0,1,3
229.0,1,4
230.0,1,5
231.0,1,4
232.0,1,4
233.0,1,4
234.0,1,5
235.0,1,5
236.0,1,4
237.0,1,3
238.0,1,2
239.0,1,4
240.0,1,3
241.0,1,3
242.0,1,4
243.0,1,5
244.0,1,3
245.0,1,5
246.0,1,4
247.0,1,4
248.0,1,4
249.0,1,4
250.0,1,5
251.0,1,4
252.0,1,5
253.0,1,5
254.0,1,3
255.0,1,4
256.0,1,4
257.0,1,4
258.0,1,4
259.0,1,4
260.0,1,2
261.0,1,3
262.0,1,5
263.0,1,5
264.0,1,3
265.0,1,3
266.0,1,5
267.0,1,4
268.0,1,5
269.0,1,4
270.0,1,5
271.0,1,4
272.0,1,4
273.0,1,4
274.0,1,4
275.0,1,4
276.0,1,4
277.0,1,5
278.0,1,4
279.0,1,5
280.0,1,4
281.0,1,4
282.0,1,4
283.0,1,5
284.0,1,4
285.0,1,4
286.0,1,5
287.0,1,4
288.0,1,4
289.0,1,5
290.0,1,4
291.0,1,3
292.0,1,3
293.0,1,3
294.0,1,4
295.0,1,3
296.0,1,3
297.0,1,4
298.0,1,4
299.0,1,4
300.0,1,4
301.0,1,4
302.0,1,4
303.0,1,2
304.0,1,4
305.0,1,3
306.0,1,4
307.0,1,4
308.0,1,5
309.0,1,2
310.0,1,4
311.0,1,5
312.0,1,5
313.0,1,3
314.0,1,3
315.0,1,3
316.0,1,3
317.0,1,3
318.0,1,4
319.0,1,3
320.0,1,4
321.0,1,4
322.0,1,3
323.0,1,4
324.0,1,3
325.0,1,5
326.0,1,4
327.0,1,5
328.0,1,4
329.0,1,5
330.0,1,5
331.0,1,4
332.0,1,5
333.0,1,4
334.0,1,4
335.0,1,3
336.0,1,5
337.0,1,4
338.0,1,5
339.0,1,5
340.0,1,4
341.0,1,4
342.0,1,4
343.0,1,4
344.0,1,4
345.0,1,5
346.0,1,5
347.0,1,3
348.0,1,4
349.0,1,4
350.0,1,4
351.0,1,4
352.0,1,4
353.0,1,3
354.0,1,4
355.0,1,4
356.0,1,4
357.0,1,3
358.0,1,4
359.0,1,4
360.0,1,3
361.0,1,4
362.0,1,4
363.0,1,4
364.0,1,4
365.0,1,4
366.0,1,5
367.0,1,4
368.0,1,4
369.0,1,3
370.0,1,4
371.0,1,3
372.0,1,5
373.0,1,4
374.0,1,4
375.0,1,4
376.0,1,4
377.0,1,5
378.0,1,4
379.0,1,4
380.0,1,5
381.0,1,4
382.0,1,3
383.0,1,5
384.0,1,5
385.0,1,5
386.0,1,4
387.0,1,3
388.0,1,3
389.0,1,3
390.0,1,3
391.0,1,3
392.0,1,4
393.0,1,4
394.0,1,3
395.0,1,5
396.0,1,3
397.0,1,4
398.0,1,5
399.0,1,3
400.0,1,4
401.0,1,3
402.0,1,4
403.0,1,3
404.0,1,4
405.0,1,4
406.0,1,4
407.0,1,4
408.0,1,5
409.0,1,5
410.0,1,4
411.0,1,4
412.0,1,5
413.0,1,3
414.0,1,4
415.0,1,5
416.0,1,4
417.0,1,3
418.0,1,5
419.0,1,4
420.0,1,3
421.0,1,5
422.0,1,5
423.0,1,5
424.0,1,4
425.0,1,4
426.0,1,5
427.0,1,4
428.0,1,4
429.0,1,5
430.0,1,4
431.0,1,5
432.0,1,5
433.0,1,4
434.0,1,5
435.0,1,5
436.0,1,4
437.0,1,5
438.0,1,4
439.0,1,3
440.0,1,4
441.0,1,3
442.0,1,5
443.0,1,5
444.0,1,4
445.0,1,5
446.0,1,4
447.0,1,4
448.0,1,4
449.0,1,3
450.0,1,4
451.0,1,4
452.0,1,3
453.0,1,5
454.0,1,4
455.0,1,3
456.0,1,4
457.0,1,4
458.0,1,5
1.0,2,4
2.0,2,4
3.0,2,3
4.0,2,2
5.0,2,4
6.0,2,4
7.0,2,4
8.0,2,5
9.0,2,5
10.0,2,4
11.0,2,4
12.0,2,4
13.0,2,4
14.0,2,4
15.0,2,4
16.0,2,5
17.0,2,3
18.0,2,5
19.0,2,3
20.0,2,4
21.0,2,4
22.0,2,5
23.0,2,3
24.0,2,4
25.0,2,4
26.0,2,4
27.0,2,5
28.0,2,5
29.0,2,5
30.0,2,4
31.0,2,5
32.0,2,4
33.0,2,4
34.0,2,4
35.0,2,3
36.0,2,4
37.0,2,5
38.0,2,4
39.0,2,3
40.0,2,5
41.0,2,3
42.0,2,4
43.0,2,3
44.0,2,4
45.0,2,4
46.0,2,4
47.0,2,4
48.0,2,4
49.0,2,4
50.0,2,3
51.0,2,5
52.0,2,3
53.0,2,4
54.0,2,4
55.0,2,5
56.0,2,5
57.0,2,4
58.0,2,4
59.0,2,5
60.0,2,4
61.0,2,3
62.0,2,4
63.0,2,4
64.0,2,5
65.0,2,4
66.0,2,4
67.0,2,5
68.0,2,3
69.0,2,4
70.0,2,5
71.0,2,4
72.0,2,4
73.0,2,4
74.0,2,5
75.0,2,4
76.0,2,3
77.0,2,5
78.0,2,5
79.0,2,3
80.0,2,4
81.0,2,3
82.0,2,5
83.0,2,4
84.0,2,4
85.0,2,4
86.0,2,5
87.0,2,4
88.0,2,4
89.0,2,3
90.0,2,3
91.0,2,5
92.0,2,4
93.0,2,4
94.0,2,5
95.0,2,4
96.0,2,4
97.0,2,5
98.0,2,3
99.0,2,4
100.0,2,5
101.0,2,4
102.0,2,4
103.0,2,5
104.0,2,3
105.0,2,5
106.0,2,4
107.0,2,4
108.0,2,5
109.0,2,4
110.0,2,5
111.0,2,5
112.0,2,4
113.0,2,4
114.0,2,4
115.0,2,4
116.0,2,5
117.0,2,4
118.0,2,4
119.0,2,5
120.0,2,4
121.0,2,5
122.0,2,4
123.0,2,4
124.0,2,3
125.0,2,4
126.0,2,4
127.0,2,5
128.0,2,4
129.0,2,4
130.0,2,4
131.0,2,4
132.0,2,4
133.0,2,4
134.0,2,5
135.0,2,3
136.0,2,3
137.0,2,4
138.0,2,4
139.0,2,4
140.0,2,3
141.0,2,4
142.0,2,5
143.0,2,5
144.0,2,4
145.0,2,4
146.0,2,4
147.0,2,3
148.0,2,4
149.0,2,5
150.0,2,4
151.0,2,4
152.0,2,4
153.0,2,4
154.0,2,3
155.0,2,5
156.0,2,4
157.0,2,4
158.0,2,4
159.0,2,4
160.0,2,4
161.0,2,5
162.0,2,5
163.0,2,5
164.0,2,5
165.0,2,3
166.0,2,3
167.0,2,5
168.0,2,4
169.0,2,3
170.0,2,4
171.0,2,3
172.0,2,4
173.0,2,5
174.0,2,5
175.0,2,3
176.0,2,5
177.0,2,5
178.0,2,5
179.0,2,4
180.0,2,4
181.0,2,5
182.0,2,4
183.0,2,4
184.0,2,4
185.0,2,4
186.0,2,4
187.0,2,4
188.0,2,4
189.0,2,2
190.0,2,5
191.0,2,4
192.0,2,3
193.0,2,4
194.0,2,4
195.0,2,4
196.0,2,4
197.0,2,4
198.0,2,4
199.0,2,3
200.0,2,5
201.0,2,4
202.0,2,5
203.0,2,5
204.0,2,4
205.0,2,3
206.0,2,3
207.0,2,4
208.0,2,4
209.0,2,5
210.0,2,5
211.0,2,3
212.0,2,4
213.0,2,5
214.0,2,2
215.0,2,4
216.0,2,5
217.0,2,4
218.0,2,4
219.0,2,3
220.0,2,5
221.0,2,5
222.0,2,4
223.0,2,4
224.0,2,5
225.0,2,5
226.0,2,4
227.0,2,5
228.0,2,4
229.0,2,4
230.0,2,4
231.0,2,4
232.0,2,4
233.0,2,4
234.0,2,5
235.0,2,5
236.0,2,5
237.0,2,3
238.0,2,2
239.0,2,4
240.0,2,4
241.0,2,4
242.0,2,3
243.0,2,5
244.0,2,4
245.0,2,5
246.0,2,4
247.0,2,5
248.0,2,4
249.0,2,4
250.0,2,5
251.0,2,5
252.0,2,5
253.0,2,5
254.0,2,3
255.0,2,2
256.0,2,4
257.0,2,4
258.0,2,4
259.0,2,4
260.0,2,3
261.0,2,4
262.0,2,5
263.0,2,5
264.0,2,4
265.0,2,3
266.0,2,5
267.0,2,4
268.0,2,5
269.0,2,5
270.0,2,4
271.0,2,5
272.0,2,4
273.0,2,4
274.0,2,3
275.0,2,5
276.0,2,4
277.0,2,5
278.0,2,3
279.0,2,5
280.0,2,4
281.0,2,4
282.0,2,4
283.0,2,5
284.0,2,5
285.0,2,4
286.0,2,5
287.0,2,4
288.0,2,4
289.0,2,3
290.0,2,4
291.0,2,4
292.0,2,4
293.0,2,3
294.0,2,4
295.0,2,4
296.0,2,4
297.0,2,3
298.0,2,4
299.0,2,5
300.0,2,4
301.0,2,4
302.0,2,5
303.0,2,4
304.0,2,4
305.0,2,4
306.0,2,3
307.0,2,5
308.0,2,4
309.0,2,3
310.0,2,4
311.0,2,4
312.0,2,5
313.0,2,4
314.0,2,4
315.0,2,3
316.0,2,3
317.0,2,4
318.0,2,3
319.0,2,3
320.0,2,4
321.0,2,4
322.0,2,3
323.0,2,5
324.0,2,3
325.0,2,5
326.0,2,4
327.0,2,5
328.0,2,5
329.0,2,5
330.0,2,5
331.0,2,4
332.0,2,5
333.0,2,4
334.0,2,4
335.0,2,3
336.0,2,5
337.0,2,4
338.0,2,5
339.0,2,5
340.0,2,4
341.0,2,4
342.0,2,4
343.0,2,4
344.0,2,4
345.0,2,4
346.0,2,5
347.0,2,3
348.0,2,4
349.0,2,4
350.0,2,5
351.0,2,4
352.0,2,4
353.0,2,4
354.0,2,5
355.0,2,4
356.0,2,3
357.0,2,3
358.0,2,5
359.0,2,4
360.0,2,4
361.0,2,3
362.0,2,4
363.0,2,4
364.0,2,3
365.0,2,5
366.0,2,5
367.0,2,4
368.0,2,5
369.0,2,3
370.0,2,4
371.0,2,3
372.0,2,5
373.0,2,5
374.0,2,4
375.0,2,4
376.0,2,4
377.0,2,5
378.0,2,4
379.0,2,4
380.0,2,5
381.0,2,4
382.0,2,4
383.0,2,3
384.0,2,5
385.0,2,5
386.0,2,5
387.0,2,3
388.0,2,4
389.0,2,4
390.0,2,4
391.0,2,3
392.0,2,5
393.0,2,4
394.0,2,4
395.0,2,5
396.0,2,3
397.0,2,3
398.0,2,3
399.0,2,4
400.0,2,4
401.0,2,4
402.0,2,4
403.0,2,4
404.0,2,4
405.0,2,5
406.0,2,4
407.0,2,4
408.0,2,5
409.0,2,5
410.0,2,4
411.0,2,4
412.0,2,3
413.0,2,3
414.0,2,4
415.0,2,4
416.0,2,5
417.0,2,4
418.0,2,5
419.0,2,4
420.0,2,4
421.0,2,5
422.0,2,5
423.0,2,5
424.0,2,5
425.0,2,5
426.0,2,4
427.0,2,4
428.0,2,5
429.0,2,5
430.0,2,4
431.0,2,5
432.0,2,4
433.0,2,4
434.0,2,5
435.0,2,4
436.0,2,4
437.0,2,5
438.0,2,4
439.0,2,4
440.0,2,4
441.0,2,3
442.0,2,4
443.0,2,4
444.0,2,4
445.0,2,3
446.0,2,4
447.0,2,4
448.0,2,4
449.0,2,4
450.0,2,3
451.0,2,4
452.0,2,4
453.0,2,5
454.0,2,4
455.0,2,3
456.0,2,4
457.0,2,4
458.0,2,4
1.0,2,4
2.0,2,4
3.0,2,3
4.0,2,3
5.0,2,4
6.0,2,3
7.0,2,4
8.0,2,4
9.0,2,4
10.0,2,4
11.0,2,3
12.0,2,4
13.0,2,3
14.0,2,4
15.0,2,4
16.0,2,5
17.0,2,4
18.0,2,4
19.0,2,4
20.0,2,3
21.0,2,4
22.0,2,3
23.0,2,5
24.0,2,3
25.0,2,2
26.0,2,4
27.0,2,5
28.0,2,5
29.0,2,4
30.0,2,3
31.0,2,5
32.0,2,4
33.0,2,4
34.0,2,3
35.0,2,3
36.0,2,4
37.0,2,5
38.0,2,4
39.0,2,3
40.0,2,3
41.0,2,4
42.0,2,4
43.0,2,4
44.0,2,5
45.0,2,4
46.0,2,4
47.0,2,4
48.0,2,4
49.0,2,4
50.0,2,3
51.0,2,5
52.0,2,3
53.0,2,3
54.0,2,4
55.0,2,5
56.0,2,5
57.0,2,4
58.0,2,5
59.0,2,4
60.0,2,4
61.0,2,3
62.0,2,4
63.0,2,3
64.0,2,4
65.0,2,4
66.0,2,4
67.0,2,4
68.0,2,4
69.0,2,4
70.0,2,4
71.0,2,4
72.0,2,4
73.0,2,4
74.0,2,2
75.0,2,3
76.0,2,3
77.0,2,5
78.0,2,5
79.0,2,2
80.0,2,4
81.0,2,4
82.0,2,4
83.0,2,3
84.0,2,4
85.0,2,5
86.0,2,4
87.0,2,4
88.0,2,4
89.0,2,3
90.0,2,3
91.0,2,5
92.0,2,4
93.0,2,4
94.0,2,4
95.0,2,4
96.0,2,4
97.0,2,5
98.0,2,3
99.0,2,3
100.0,2,4
101.0,2,4
102.0,2,3
103.0,2,3
104.0,2,3
105.0,2,5
106.0,2,3
107.0,2,3
108.0,2,5
109.0,2,3
110.0,2,3
111.0,2,4
112.0,2,4
113.0,2,2
114.0,2,3
115.0,2,4
116.0,2,5
117.0,2,4
118.0,2,4
119.0,2,3
120.0,2,4
121.0,2,5
122.0,2,3
123.0,2,3
124.0,2,3
125.0,2,4
126.0,2,4
127.0,2,5
128.0,2,4
129.0,2,4
130.0,2,4
131.0,2,3
132.0,2,3
133.0,2,4
134.0,2,3
135.0,2,3
136.0,2,4
137.0,2,4
138.0,2,4
139.0,2,4
140.0,2,3
141.0,2,4
142.0,2,5
143.0,2,5
144.0,2,4
145.0,2,4
146.0,2,3
147.0,2,3
148.0,2,3
149.0,2,4
150.0,2,4
151.0,2,3
152.0,2,3
153.0,2,4
154.0,2,3
155.0,2,5
156.0,2,3
157.0,2,4
158.0,2,3
159.0,2,3
160.0,2,4
161.0,2,4
162.0,2,4
163.0,2,4
164.0,2,3
165.0,2,3
166.0,2,4
167.0,2,3
168.0,2,4
169.0,2,3
170.0,2,3
171.0,2,4
172.0,2,4
173.0,2,4
174.0,2,2
175.0,2,3
176.0,2,5
177.0,2,4
178.0,2,4
179.0,2,4
180.0,2,4
181.0,2,4
182.0,2,3
183.0,2,4
184.0,2,4
185.0,2,4
186.0,2,4
187.0,2,3
188.0,2,3
189.0,2,3
190.0,2,4
191.0,2,3
192.0,2,3
193.0,2,3
194.0,2,4
195.0,2,3
196.0,2,4
197.0,2,4
198.0,2,3
199.0,2,3
200.0,2,4
201.0,2,4
202.0,2,4
203.0,2,4
204.0,2,4
205.0,2,3
206.0,2,3
207.0,2,4
208.0,2,4
209.0,2,4
210.0,2,4
211.0,2,3
212.0,2,4
213.0,2,4
214.0,2,2
215.0,2,4
216.0,2,4
217.0,2,3
218.0,2,4
219.0,2,3
220.0,2,5
221.0,2,4
222.0,2,3
223.0,2,3
224.0,2,4
225.0,2,5
226.0,2,3
227.0,2,4
228.0,2,3
229.0,2,3
230.0,2,4
231.0,2,3
232.0,2,4
233.0,2,3
234.0,2,5
235.0,2,5
236.0,2,4
237.0,2,3
238.0,2,3
239.0,2,4
240.0,2,3
241.0,2,4
242.0,2,4
243.0,2,4
244.0,2,3
245.0,2,5
246.0,2,4
247.0,2,3
248.0,2,4
249.0,2,3
250.0,2,5
251.0,2,4
252.0,2,5
253.0,2,5
254.0,2,3
255.0,2,4
256.0,2,4
257.0,2,4
258.0,2,3
259.0,2,4
260.0,2,3
261.0,2,4
262.0,2,5
263.0,2,5
264.0,2,4
265.0,2,3
266.0,2,5
267.0,2,4
268.0,2,4
269.0,2,3
270.0,2,4
271.0,2,3
272.0,2,4
273.0,2,3
274.0,2,3
275.0,2,4
276.0,2,3
277.0,2,5
278.0,2,4
279.0,2,4
280.0,2,4
281.0,2,4
282.0,2,3
283.0,2,5
284.0,2,3
285.0,2,4
286.0,2,5
287.0,2,4
288.0,2,4
289.0,2,3
290.0,2,4
291.0,2,4
292.0,2,2
293.0,2,3
294.0,2,4
295.0,2,3
296.0,2,4
297.0,2,3
298.0,2,4
299.0,2,4
300.0,2,4
301.0,2,4
302.0,2,5
303.0,2,3
304.0,2,4
305.0,2,3
306.0,2,3
307.0,2,4
308.0,2,4
309.0,2,2
310.0,2,3
311.0,2,4
312.0,2,5
313.0,2,3
314.0,2,3
315.0,2,2
316.0,2,3
317.0,2,3
318.0,2,4
319.0,2,4
320.0,2,3
321.0,2,3
322.0,2,3
323.0,2,4
324.0,2,4
325.0,2,4
326.0,2,4
327.0,2,5
328.0,2,4
329.0,2,5
330.0,2,5
331.0,2,4
332.0,2,5
333.0,2,2
334.0,2,4
335.0,2,3
336.0,2,5
337.0,2,3
338.0,2,4
339.0,2,5
340.0,2,4
341.0,2,4
342.0,2,4
343.0,2,3
344.0,2,4
345.0,2,4
346.0,2,3
347.0,2,3
348.0,2,3
349.0,2,3
350.0,2,4
351.0,2,4
352.0,2,4
353.0,2,4
354.0,2,5
355.0,2,4
356.0,2,4
357.0,2,3
358.0,2,4
359.0,2,4
360.0,2,2
361.0,2,3
362.0,2,3
363.0,2,3
364.0,2,4
365.0,2,4
366.0,2,5
367.0,2,4
368.0,2,4
369.0,2,2
370.0,2,3
371.0,2,3
372.0,2,4
373.0,2,5
374.0,2,4
375.0,2,4
376.0,2,4
377.0,2,5
378.0,2,4
379.0,2,4
380.0,2,3
381.0,2,4
382.0,2,4
383.0,2,3
384.0,2,5
385.0,2,5
386.0,2,4
387.0,2,3
388.0,2,3
389.0,2,4
390.0,2,3
391.0,2,3
392.0,2,4
393.0,2,4
394.0,2,3
395.0,2,4
396.0,2,4
397.0,2,3
398.0,2,5
399.0,2,3
400.0,2,4
401.0,2,3
402.0,2,4
403.0,2,4
404.0,2,4
405.0,2,5
406.0,2,4
407.0,2,3
408.0,2,4
409.0,2,5
410.0,2,3
411.0,2,4
412.0,2,3
413.0,2,2
414.0,2,3
415.0,2,4
416.0,2,4
417.0,2,3
418.0,2,5
419.0,2,4
420.0,2,4
421.0,2,5
422.0,2,5
423.0,2,4
424.0,2,5
425.0,2,3
426.0,2,4
427.0,2,4
428.0,2,3
429.0,2,5
430.0,2,4
431.0,2,5
432.0,2,4
433.0,2,4
434.0,2,5
435.0,2,4
436.0,2,4
437.0,2,4
438.0,2,5
439.0,2,3
440.0,2,3
441.0,2,3
442.0,2,4
443.0,2,4
444.0,2,4
445.0,2,4
446.0,2,4
447.0,2,4
448.0,2,3
449.0,2,4
450.0,2,3
451.0,2,4
452.0,2,4
453.0,2,5
454.0,2,3
455.0,2,2
456.0,2,2
457.0,2,3
458.0,2,5
1.0,2,4
2.0,2,4
3.0,2,2
4.0,2,3
5.0,2,3
6.0,2,2
7.0,2,4
8.0,2,4
9.0,2,5
10.0,2,3
11.0,2,3
12.0,2,4
13.0,2,3
14.0,2,3
15.0,2,3
16.0,2,5
17.0,2,3
18.0,2,3
19.0,2,3
20.0,2,3
21.0,2,2
22.0,2,5
23.0,2,4
24.0,2,4
25.0,2,2
26.0,2,3
27.0,2,5
28.0,2,4
29.0,2,3
30.0,2,3
31.0,2,4
32.0,2,4
33.0,2,4
34.0,2,3
35.0,2,3
36.0,2,4
37.0,2,5
38.0,2,3
39.0,2,3
40.0,2,3
41.0,2,4
42.0,2,3
43.0,2,3
44.0,2,4
45.0,2,4
46.0,2,3
47.0,2,3
48.0,2,4
49.0,2,4
50.0,2,3
51.0,2,5
52.0,2,3
53.0,2,3
54.0,2,4
55.0,2,4
56.0,2,5
57.0,2,4
58.0,2,4
59.0,2,4
60.0,2,3
61.0,2,3
62.0,2,3
63.0,2,2
64.0,2,5
65.0,2,3
66.0,2,3
67.0,2,4
68.0,2,3
69.0,2,3
70.0,2,3
71.0,2,3
72.0,2,4
73.0,2,3
74.0,2,3
75.0,2,3
76.0,2,3
77.0,2,5
78.0,2,5
79.0,2,2
80.0,2,4
81.0,2,2
82.0,2,4
83.0,2,2
84.0,2,3
85.0,2,5
86.0,2,3
87.0,2,3
88.0,2,4
89.0,2,3
90.0,2,3
91.0,2,5
92.0,2,4
93.0,2,4
94.0,2,4
95.0,2,3
96.0,2,3
97.0,2,4
98.0,2,4
99.0,2,3
100.0,2,4
101.0,2,4
102.0,2,3
103.0,2,3
104.0,2,3
105.0,2,4
106.0,2,4
107.0,2,2
108.0,2,5
109.0,2,2
110.0,2,3
111.0,2,3
112.0,2,3
113.0,2,4
114.0,2,3
115.0,2,4
116.0,2,5
117.0,2,4
118.0,2,4
119.0,2,3
120.0,2,5
121.0,2,5
122.0,2,3
123.0,2,3
124.0,2,3
125.0,2,3
126.0,2,3
127.0,2,4
128.0,2,4
129.0,2,5
130.0,2,4
131.0,2,3
132.0,2,3
133.0,2,3
134.0,2,4
135.0,2,3
136.0,2,5
137.0,2,3
138.0,2,4
139.0,2,3
140.0,2,3
141.0,2,2
142.0,2,5
143.0,2,4
144.0,2,4
145.0,2,3
146.0,2,3
147.0,2,3
148.0,2,3
149.0,2,4
150.0,2,4
151.0,2,4
152.0,2,3
153.0,2,3
154.0,2,3
155.0,2,5
156.0,2,4
157.0,2,3
158.0,2,3
159.0,2,3
160.0,2,5
161.0,2,3
162.0,2,3
163.0,2,5
164.0,2,3
165.0,2,3
166.0,2,4
167.0,2,3
168.0,2,3
169.0,2,2
170.0,2,2
171.0,2,2
172.0,2,2
173.0,2,4
174.0,2,2
175.0,2,3
176.0,2,4
177.0,2,4
178.0,2,4
179.0,2,4
180.0,2,3
181.0,2,3
182.0,2,3
183.0,2,3
184.0,2,3
185.0,2,2
186.0,2,3
187.0,2,3
188.0,2,3
189.0,2,1
190.0,2,3
191.0,2,4
192.0,2,3
193.0,2,5
194.0,2,3
195.0,2,4
196.0,2,3
197.0,2,3
198.0,2,4
199.0,2,3
200.0,2,4
201.0,2,4
202.0,2,3
203.0,2,5
204.0,2,4
205.0,2,3
206.0,2,3
207.0,2,4
208.0,2,3
209.0,2,4
210.0,2,3
211.0,2,3
212.0,2,3
213.0,2,4
214.0,2,2
215.0,2,5
216.0,2,4
217.0,2,3
218.0,2,4
219.0,2,3
220.0,2,5
221.0,2,3
222.0,2,4
223.0,2,3
224.0,2,4
225.0,2,5
226.0,2,3
227.0,2,3
228.0,2,2
229.0,2,3
230.0,2,5
231.0,2,3
232.0,2,4
233.0,2,4
234.0,2,5
235.0,2,5
236.0,2,4
237.0,2,2
238.0,2,2
239.0,2,4
240.0,2,4
241.0,2,2
242.0,2,3
243.0,2,3
244.0,2,2
245.0,2,5
246.0,2,3
247.0,2,3
248.0,2,5
249.0,2,3
250.0,2,5
251.0,2,4
252.0,2,5
253.0,2,5
254.0,2,2
255.0,2,3
256.0,2,3
257.0,2,4
258.0,2,3
259.0,2,4
260.0,2,3
261.0,2,3
262.0,2,4
263.0,2,5
264.0,2,2
265.0,2,3
266.0,2,5
267.0,2,4
268.0,2,4
269.0,2,4
270.0,2,5
271.0,2,3
272.0,2,4
273.0,2,3
274.0,2,4
275.0,2,4
276.0,2,3
277.0,2,4
278.0,2,4
279.0,2,4
280.0,2,3
281.0,2,4
282.0,2,2
283.0,2,4
284.0,2,3
285.0,2,3
286.0,2,5
287.0,2,4
288.0,2,4
289.0,2,3
290.0,2,4
291.0,2,3
292.0,2,1
293.0,2,2
294.0,2,4
295.0,2,2
296.0,2,3
297.0,2,3
298.0,2,4
299.0,2,3
300.0,2,3
301.0,2,4
302.0,2,5
303.0,2,3
304.0,2,3
305.0,2,3
306.0,2,4
307.0,2,4
308.0,2,3
309.0,2,2
310.0,2,3
311.0,2,4
312.0,2,3
313.0,2,3
314.0,2,4
315.0,2,3
316.0,2,3
317.0,2,4
318.0,2,4
319.0,2,4
320.0,2,3
321.0,2,3
322.0,2,3
323.0,2,4
324.0,2,3
325.0,2,3
326.0,2,5
327.0,2,5
328.0,2,5
329.0,2,5
330.0,2,5
331.0,2,3
332.0,2,4
333.0,2,3
334.0,2,4
335.0,2,3
336.0,2,5
337.0,2,3
338.0,2,4
339.0,2,5
340.0,2,4
341.0,2,3
342.0,2,3
343.0,2,3
344.0,2,3
345.0,2,4
346.0,2,2
347.0,2,3
348.0,2,3
349.0,2,3
350.0,2,4
351.0,2,4
352.0,2,4
353.0,2,3
354.0,2,3
355.0,2,3
356.0,2,4
357.0,2,3
358.0,2,3
359.0,2,3
360.0,2,3
361.0,2,3
362.0,2,3
363.0,2,3
364.0,2,3
365.0,2,4
366.0,2,5
367.0,2,4
368.0,2,3
369.0,2,3
370.0,2,2
371.0,2,3
372.0,2,4
373.0,2,3
374.0,2,4
375.0,2,4
376.0,2,3
377.0,2,4
378.0,2,4
379.0,2,4
380.0,2,3
381.0,2,3
382.0,2,4
383.0,2,4
384.0,2,5
385.0,2,4
386.0,2,3
387.0,2,3
388.0,2,4
389.0,2,4
390.0,2,4
391.0,2,3
392.0,2,3
393.0,2,5
394.0,2,3
395.0,2,3
396.0,2,3
397.0,2,3
398.0,2,5
399.0,2,3
400.0,2,4
401.0,2,3
402.0,2,3
403.0,2,3
404.0,2,3
405.0,2,5
406.0,2,3
407.0,2,3
408.0,2,4
409.0,2,5
410.0,2,4
411.0,2,4
412.0,2,3
413.0,2,2
414.0,2,3
415.0,2,4
416.0,2,3
417.0,2,3
418.0,2,3
419.0,2,3
420.0,2,3
421.0,2,5
422.0,2,5
423.0,2,3
424.0,2,4
425.0,2,4
426.0,2,4
427.0,2,3
428.0,2,3
429.0,2,5
430.0,2,4
431.0,2,3
432.0,2,4
433.0,2,3
434.0,2,5
435.0,2,5
436.0,2,4
437.0,2,3
438.0,2,4
439.0,2,3
440.0,2,3
441.0,2,3
442.0,2,3
443.0,2,4
444.0,2,4
445.0,2,3
446.0,2,3
447.0,2,3
448.0,2,5
449.0,2,3
450.0,2,3
451.0,2,3
452.0,2,3
453.0,2,5
454.0,2,4
455.0,2,2
456.0,2,2
457.0,2,3
458.0,2,4
1.0,2,4
2.0,2,4
3.0,2,4
4.0,2,3
5.0,2,4
6.0,2,4
7.0,2,4
8.0,2,4
9.0,2,4
10.0,2,4
11.0,2,4
12.0,2,4
13.0,2,4
14.0,2,4
15.0,2,4
16.0,2,5
17.0,2,5
18.0,2,5
19.0,2,3
20.0,2,4
21.0,2,4
22.0,2,5
23.0,2,3
24.0,2,3
25.0,2,2
26.0,2,4
27.0,2,5
28.0,2,4
29.0,2,4
30.0,2,3
31.0,2,5
32.0,2,4
33.0,2,4
34.0,2,4
35.0,2,3
36.0,2,4
37.0,2,5
38.0,2,4
39.0,2,3
40.0,2,4
41.0,2,4
42.0,2,4
43.0,2,4
44.0,2,4
45.0,2,4
46.0,2,3
47.0,2,3
48.0,2,4
49.0,2,4
50.0,2,4
51.0,2,5
52.0,2,4
53.0,2,3
54.0,2,4
55.0,2,4
56.0,2,5
57.0,2,4
58.0,2,4
59.0,2,4
60.0,2,5
61.0,2,4
62.0,2,3
63.0,2,4
64.0,2,4
65.0,2,4
66.0,2,4
67.0,2,4
68.0,2,4
69.0,2,4
70.0,2,5
71.0,2,4
72.0,2,4
73.0,2,4
74.0,2,2
75.0,2,4
76.0,2,3
77.0,2,5
78.0,2,4
79.0,2,2
80.0,2,4
81.0,2,4
82.0,2,4
83.0,2,2
84.0,2,4
85.0,2,5
86.0,2,4
87.0,2,3
88.0,2,4
89.0,2,3
90.0,2,3
91.0,2,5
92.0,2,5
93.0,2,4
94.0,2,4
95.0,2,4
96.0,2,4
97.0,2,5
98.0,2,3
99.0,2,4
100.0,2,4
101.0,2,4
102.0,2,3
103.0,2,4
104.0,2,4
105.0,2,5
106.0,2,4
107.0,2,4
108.0,2,5
109.0,2,3
110.0,2,4
111.0,2,4
112.0,2,4
113.0,2,4
114.0,2,3
115.0,2,4
116.0,2,5
117.0,2,4
118.0,2,4
119.0,2,4
120.0,2,4
121.0,2,5
122.0,2,5
123.0,2,5
124.0,2,3
125.0,2,4
126.0,2,3
127.0,2,4
128.0,2,5
129.0,2,5
130.0,2,4
131.0,2,3
132.0,2,3
133.0,2,4
134.0,2,3
135.0,2,3
136.0,2,3
137.0,2,3
138.0,2,4
139.0,2,3
140.0,2,3
141.0,2,1
142.0,2,5
143.0,2,5
144.0,2,4
145.0,2,2
146.0,2,4
147.0,2,3
148.0,2,3
149.0,2,5
150.0,2,4
151.0,2,3
152.0,2,4
153.0,2,4
154.0,2,3
155.0,2,5
156.0,2,3
157.0,2,4
158.0,2,4
159.0,2,4
160.0,2,4
161.0,2,3
162.0,2,4
163.0,2,5
164.0,2,5
165.0,2,4
166.0,2,5
167.0,2,3
168.0,2,3
169.0,2,3
170.0,2,3
171.0,2,5
172.0,2,4
173.0,2,5
174.0,2,5
175.0,2,3
176.0,2,5
177.0,2,4
178.0,2,4
179.0,2,4
180.0,2,4
181.0,2,4
182.0,2,4
183.0,2,5
184.0,2,4
185.0,2,4
186.0,2,4
187.0,2,3
188.0,2,4
189.0,2,1
190.0,2,5
191.0,2,4
192.0,2,3
193.0,2,2
194.0,2,4
195.0,2,4
196.0,2,4
197.0,2,5
198.0,2,3
199.0,2,3
200.0,2,4
201.0,2,5
202.0,2,4
203.0,2,2
204.0,2,4
205.0,2,4
206.0,2,3
207.0,2,4
208.0,2,4
209.0,2,3
210.0,2,3
211.0,2,3
212.0,2,4
213.0,2,3
214.0,2,2
215.0,2,4
216.0,2,3
217.0,2,3
218.0,2,5
219.0,2,3
220.0,2,5
221.0,2,4
222.0,2,3
223.0,2,4
224.0,2,4
225.0,2,5
226.0,2,4
227.0,2,3
228.0,2,3
229.0,2,4
230.0,2,5
231.0,2,4
232.0,2,5
233.0,2,3
234.0,2,4
235.0,2,5
236.0,2,4
237.0,2,4
238.0,2,3
239.0,2,3
240.0,2,4
241.0,2,5
242.0,2,5
243.0,2,3
244.0,2,5
245.0,2,5
246.0,2,3
247.0,2,3
248.0,2,5
249.0,2,3
250.0,2,5
251.0,2,3
252.0,2,5
253.0,2,5
254.0,2,3
255.0,2,4
256.0,2,3
257.0,2,4
258.0,2,3
259.0,2,4
260.0,2,3
261.0,2,3
262.0,2,4
263.0,2,5
264.0,2,4
265.0,2,3
266.0,2,5
267.0,2,4
268.0,2,4
269.0,2,3
270.0,2,4
271.0,2,3
272.0,2,5
273.0,2,4
274.0,2,4
275.0,2,3
276.0,2,3
277.0,2,5
278.0,2,4
279.0,2,5
280.0,2,4
281.0,2,4
282.0,2,3
283.0,2,5
284.0,2,3
285.0,2,4
286.0,2,5
287.0,2,4
288.0,2,4
289.0,2,5
290.0,2,5
291.0,2,4
292.0,2,4
293.0,2,4
294.0,2,3
295.0,2,4
296.0,2,3
297.0,2,3
298.0,2,4
299.0,2,4
300.0,2,3
301.0,2,4
302.0,2,4
303.0,2,4
304.0,2,4
305.0,2,3
306.0,2,4
307.0,2,4
308.0,2,3
309.0,2,4
310.0,2,4
311.0,2,4
312.0,2,3
313.0,2,4
314.0,2,4
315.0,2,4
316.0,2,3
317.0,2,4
318.0,2,4
319.0,2,4
320.0,2,4
321.0,2,3
322.0,2,4
323.0,2,4
324.0,2,3
325.0,2,3
326.0,2,4
327.0,2,5
328.0,2,5
329.0,2,5
330.0,2,5
331.0,2,4
332.0,2,4
333.0,2,4
334.0,2,4
335.0,2,3
336.0,2,5
337.0,2,3
338.0,2,4
339.0,2,5
340.0,2,4
341.0,2,4
342.0,2,3
343.0,2,4
344.0,2,3
345.0,2,4
346.0,2,3
347.0,2,3
348.0,2,3
349.0,2,4
350.0,2,4
351.0,2,4
352.0,2,4
353.0,2,4
354.0,2,5
355.0,2,4
356.0,2,4
357.0,2,3
358.0,2,3
359.0,2,3
360.0,2,2
361.0,2,4
362.0,2,4
363.0,2,4
364.0,2,3
365.0,2,4
366.0,2,5
367.0,2,4
368.0,2,4
369.0,2,4
370.0,2,2
371.0,2,4
372.0,2,4
373.0,2,4
374.0,2,4
375.0,2,4
376.0,2,4
377.0,2,5
378.0,2,4
379.0,2,4
380.0,2,4
381.0,2,4
382.0,2,5
383.0,2,3
384.0,2,5
385.0,2,5
386.0,2,2
387.0,2,3
388.0,2,4
389.0,2,4
390.0,2,3
391.0,2,3
392.0,2,3
393.0,2,4
394.0,2,4
395.0,2,4
396.0,2,4
397.0,2,4
398.0,2,4
399.0,2,4
400.0,2,4
401.0,2,4
402.0,2,4
403.0,2,4
404.0,2,5
405.0,2,5
406.0,2,4
407.0,2,4
408.0,2,4
409.0,2,5
410.0,2,3
411.0,2,4
412.0,2,5
413.0,2,3
414.0,2,4
415.0,2,4
416.0,2,4
417.0,2,4
418.0,2,5
419.0,2,4
420.0,2,4
421.0,2,4
422.0,2,4
423.0,2,4
424.0,2,4
425.0,2,3
426.0,2,5
427.0,2,3
428.0,2,4
429.0,2,4
430.0,2,4
431.0,2,5
432.0,2,4
433.0,2,5
434.0,2,5
435.0,2,5
436.0,2,4
437.0,2,4
438.0,2,4
439.0,2,4
440.0,2,3
441.0,2,3
442.0,2,4
443.0,2,4
444.0,2,4
445.0,2,3
446.0,2,4
447.0,2,4
448.0,2,4
449.0,2,4
450.0,2,3
451.0,2,3
452.0,2,4
453.0,2,5
454.0,2,4
455.0,2,3
456.0,2,3
457.0,2,3
458.0,2,5
1.0,2,3
2.0,2,4
3.0,2,4
4.0,2,3
5.0,2,3
6.0,2,3
7.0,2,4
8.0,2,4
9.0,2,4
10.0,2,4
11.0,2,4
12.0,2,4
13.0,2,3
14.0,2,4
15.0,2,4
16.0,2,5
17.0,2,2
18.0,2,4
19.0,2,4
20.0,2,4
21.0,2,4
22.0,2,5
23.0,2,3
24.0,2,3
25.0,2,3
26.0,2,4
27.0,2,5
28.0,2,4
29.0,2,5
30.0,2,3
31.0,2,5
32.0,2,4
33.0,2,4
34.0,2,3
35.0,2,3
36.0,2,3
37.0,2,5
38.0,2,4
39.0,2,3
40.0,2,4
41.0,2,4
42.0,2,3
43.0,2,3
44.0,2,3
45.0,2,4
46.0,2,4
47.0,2,4
48.0,2,4
49.0,2,4
50.0,2,4
51.0,2,5
52.0,2,4
53.0,2,2
54.0,2,4
55.0,2,4
56.0,2,5
57.0,2,4
58.0,2,4
59.0,2,4
60.0,2,5
61.0,2,4
62.0,2,3
63.0,2,4
64.0,2,4
65.0,2,4
66.0,2,3
67.0,2,4
68.0,2,3
69.0,2,4
70.0,2,4
71.0,2,3
72.0,2,4
73.0,2,3
74.0,2,4
75.0,2,3
76.0,2,3
77.0,2,5
78.0,2,4
79.0,2,2
80.0,2,4
81.0,2,3
82.0,2,4
83.0,2,3
84.0,2,3
85.0,2,3
86.0,2,4
87.0,2,3
88.0,2,4
89.0,2,3
90.0,2,3
91.0,2,5
92.0,2,4
93.0,2,4
94.0,2,4
95.0,2,4
96.0,2,4
97.0,2,4
98.0,2,3
99.0,2,4
100.0,2,5
101.0,2,4
102.0,2,4
103.0,2,3
104.0,2,4
105.0,2,5
106.0,2,3
107.0,2,4
108.0,2,5
109.0,2,3
110.0,2,3
111.0,2,3
112.0,2,4
113.0,2,3
114.0,2,5
115.0,2,4
116.0,2,2
117.0,2,4
118.0,2,4
119.0,2,3
120.0,2,4
121.0,2,5
122.0,2,5
123.0,2,5
124.0,2,3
125.0,2,4
126.0,2,3
127.0,2,4
128.0,2,4
129.0,2,4
130.0,2,4
131.0,2,3
132.0,2,3
133.0,2,3
134.0,2,3
135.0,2,3
136.0,2,5
137.0,2,3
138.0,2,4
139.0,2,3
140.0,2,3
141.0,2,2
142.0,2,5
143.0,2,4
144.0,2,4
145.0,2,2
146.0,2,4
147.0,2,3
148.0,2,4
149.0,2,5
150.0,2,4
151.0,2,3
152.0,2,4
153.0,2,4
154.0,2,3
155.0,2,5
156.0,2,3
157.0,2,4
158.0,2,4
159.0,2,3
160.0,2,4
161.0,2,2
162.0,2,4
163.0,2,5
164.0,2,4
165.0,2,4
166.0,2,3
167.0,2,3
168.0,2,3
169.0,2,3
170.0,2,3
171.0,2,4
172.0,2,4
173.0,2,3
174.0,2,2
175.0,2,3
176.0,2,4
177.0,2,3
178.0,2,4
179.0,2,4
180.0,2,4
181.0,2,3
182.0,2,3
183.0,2,3
184.0,2,4
185.0,2,3
186.0,2,3
187.0,2,3
188.0,2,4
189.0,2,1
190.0,2,4
191.0,2,4
192.0,2,2
193.0,2,3
194.0,2,3
195.0,2,3
196.0,2,4
197.0,2,3
198.0,2,3
199.0,2,3
200.0,2,4
201.0,2,5
202.0,2,4
203.0,2,4
204.0,2,4
205.0,2,3
206.0,2,3
207.0,2,4
208.0,2,4
209.0,2,4
210.0,2,3
211.0,2,3
212.0,2,4
213.0,2,4
214.0,2,2
215.0,2,3
216.0,2,3
217.0,2,3
218.0,2,3
219.0,2,1
220.0,2,5
221.0,2,5
222.0,2,4
223.0,2,3
224.0,2,4
225.0,2,5
226.0,2,3
227.0,2,3
228.0,2,4
229.0,2,4
230.0,2,4
231.0,2,4
232.0,2,5
233.0,2,4
234.0,2,5
235.0,2,5
236.0,2,4
237.0,2,4
238.0,2,3
239.0,2,3
240.0,2,3
241.0,2,3
242.0,2,5
243.0,2,4
244.0,2,4
245.0,2,5
246.0,2,3
247.0,2,3
248.0,2,3
249.0,2,3
250.0,2,5
251.0,2,4
252.0,2,5
253.0,2,5
254.0,2,3
255.0,2,3
256.0,2,3
257.0,2,4
258.0,2,4
259.0,2,4
260.0,2,3
261.0,2,4
262.0,2,4
263.0,2,5
264.0,2,4
265.0,2,3
266.0,2,5
267.0,2,4
268.0,2,4
269.0,2,3
270.0,2,4
271.0,2,3
272.0,2,5
273.0,2,2
274.0,2,3
275.0,2,4
276.0,2,3
277.0,2,5
278.0,2,5
279.0,2,4
280.0,2,4
281.0,2,4
282.0,2,3
283.0,2,5
284.0,2,4
285.0,2,3
286.0,2,5
287.0,2,4
288.0,2,4
289.0,2,5
290.0,2,4
291.0,2,3
292.0,2,2
293.0,2,2
294.0,2,4
295.0,2,4
296.0,2,3
297.0,2,3
298.0,2,4
299.0,2,4
300.0,2,4
301.0,2,4
302.0,2,5
303.0,2,3
304.0,2,3
305.0,2,3
306.0,2,4
307.0,2,4
308.0,2,3
309.0,2,3
310.0,2,3
311.0,2,4
312.0,2,4
313.0,2,3
314.0,2,3
315.0,2,3
316.0,2,2
317.0,2,3
318.0,2,4
319.0,2,4
320.0,2,4
321.0,2,3
322.0,2,4
323.0,2,4
324.0,2,3
325.0,2,4
326.0,2,4
327.0,2,4
328.0,2,4
329.0,2,5
330.0,2,5
331.0,2,4
332.0,2,4
333.0,2,5
334.0,2,4
335.0,2,3
336.0,2,5
337.0,2,3
338.0,2,4
339.0,2,5
340.0,2,3
341.0,2,4
342.0,2,2
343.0,2,3
344.0,2,4
345.0,2,4
346.0,2,4
347.0,2,3
348.0,2,4
349.0,2,4
350.0,2,4
351.0,2,4
352.0,2,4
353.0,2,3
354.0,2,4
355.0,2,4
356.0,2,4
357.0,2,3
358.0,2,4
359.0,2,3
360.0,2,2
361.0,2,3
362.0,2,3
363.0,2,3
364.0,2,4
365.0,2,4
366.0,2,5
367.0,2,4
368.0,2,3
369.0,2,3
370.0,2,2
371.0,2,3
372.0,2,3
373.0,2,3
374.0,2,4
375.0,2,3
376.0,2,4
377.0,2,4
378.0,2,4
379.0,2,4
380.0,2,3
381.0,2,3
382.0,2,5
383.0,2,3
384.0,2,5
385.0,2,4
386.0,2,2
387.0,2,3
388.0,2,3
389.0,2,3
390.0,2,3
391.0,2,3
392.0,2,2
393.0,2,4
394.0,2,3
395.0,2,4
396.0,2,3
397.0,2,4
398.0,2,4
399.0,2,4
400.0,2,4
401.0,2,4
402.0,2,4
403.0,2,4
404.0,2,4
405.0,2,5
406.0,2,4
407.0,2,3
408.0,2,4
409.0,2,5
410.0,2,3
411.0,2,4
412.0,2,3
413.0,2,2
414.0,2,3
415.0,2,4
416.0,2,5
417.0,2,3
418.0,2,4
419.0,2,4
420.0,2,3
421.0,2,5
422.0,2,5
423.0,2,4
424.0,2,3
425.0,2,3
426.0,2,5
427.0,2,3
428.0,2,4
429.0,2,4
430.0,2,4
431.0,2,4
432.0,2,4
433.0,2,4
434.0,2,5
435.0,2,3
436.0,2,4
437.0,2,4
438.0,2,5
439.0,2,3
440.0,2,4
441.0,2,3
442.0,2,4
443.0,2,3
444.0,2,4
445.0,2,3
446.0,2,4
447.0,2,4
448.0,2,3
449.0,2,4
450.0,2,3
451.0,2,3
452.0,2,3
453.0,2,5
454.0,2,4
455.0,2,2
456.0,2,4
457.0,2,3
458.0,2,4
1.0,3,4
2.0,3,5
3.0,3,4
4.0,3,3
5.0,3,2
6.0,3,3
7.0,3,2
8.0,3,4
9.0,3,4
10.0,3,3
11.0,3,3
12.0,3,4
13.0,3,5
14.0,3,3
15.0,3,4
16.0,3,4
17.0,3,5
18.0,3,4
19.0,3,4
20.0,3,4
21.0,3,5
22.0,3,2
23.0,3,4
24.0,3,4
25.0,3,5
26.0,3,5
27.0,3,5
28.0,3,3
29.0,3,5
30.0,3,2
31.0,3,4
32.0,3,4
33.0,3,3
34.0,3,4
35.0,3,4
36.0,3,2
37.0,3,1
38.0,3,2
39.0,3,4
40.0,3,4
41.0,3,4
42.0,3,4
43.0,3,4
44.0,3,4
45.0,3,4
46.0,3,4
47.0,3,4
48.0,3,4
49.0,3,4
50.0,3,4
51.0,3,4
52.0,3,4
53.0,3,4
54.0,3,4
55.0,3,2
56.0,3,1
57.0,3,3
58.0,3,5
59.0,3,2
60.0,3,2
61.0,3,4
62.0,3,3
63.0,3,4
64.0,3,4
65.0,3,3
66.0,3,3
67.0,3,3
68.0,3,4
69.0,3,3
70.0,3,4
71.0,3,5
72.0,3,4
73.0,3,2
74.0,3,4
75.0,3,2
76.0,3,5
77.0,3,2
78.0,3,2
79.0,3,4
80.0,3,4
81.0,3,5
82.0,3,4
83.0,3,5
84.0,3,4
85.0,3,2
86.0,3,3
87.0,3,4
88.0,3,3
89.0,3,2
90.0,3,4
91.0,3,5
92.0,3,4
93.0,3,2
94.0,3,3
95.0,3,5
96.0,3,5
97.0,3,2
98.0,3,5
99.0,3,2
100.0,3,5
101.0,3,4
102.0,3,4
103.0,3,4
104.0,3,2
105.0,3,4
106.0,3,4
107.0,3,5
108.0,3,4
109.0,3,5
110.0,3,5
111.0,3,2
112.0,3,3
113.0,3,4
114.0,3,5
115.0,3,2
116.0,3,5
117.0,3,2
118.0,3,4
119.0,3,3
120.0,3,4
121.0,3,2
122.0,3,5
123.0,3,5
124.0,3,4
125.0,3,4
126.0,3,2
127.0,3,2
128.0,3,4
129.0,3,2
130.0,3,3
131.0,3,2
132.0,3,4
133.0,3,5
134.0,3,2
135.0,3,5
136.0,3,2
137.0,3,3
138.0,3,4
139.0,3,4
140.0,3,3
141.0,3,4
142.0,3,4
143.0,3,4
144.0,3,3
145.0,3,4
146.0,3,4
147.0,3,5
148.0,3,4
149.0,3,2
150.0,3,5
151.0,3,2
152.0,3,3
153.0,3,3
154.0,3,4
155.0,3,2
156.0,3,2
157.0,3,2
158.0,3,3
159.0,3,3
160.0,3,4
161.0,3,5
162.0,3,2
163.0,3,5
164.0,3,4
165.0,3,4
166.0,3,4
167.0,3,5
168.0,3,2
169.0,3,5
170.0,3,4
171.0,3,5
172.0,3,5
173.0,3,2
174.0,3,4
175.0,3,4
176.0,3,2
177.0,3,2
178.0,3,3
179.0,3,4
180.0,3,2
181.0,3,4
182.0,3,4
183.0,3,2
184.0,3,4
185.0,3,4
186.0,3,4
187.0,3,4
188.0,3,4
189.0,3,1
190.0,3,5
191.0,3,2
192.0,3,4
193.0,3,4
194.0,3,4
195.0,3,3
196.0,3,4
197.0,3,2
198.0,3,4
199.0,3,3
200.0,3,2
201.0,3,2
202.0,3,4
203.0,3,2
204.0,3,2
205.0,3,5
206.0,3,3
207.0,3,2
208.0,3,3
209.0,3,2
210.0,3,3
211.0,3,3
212.0,3,4
213.0,3,4
214.0,3,4
215.0,3,2
216.0,3,4
217.0,3,3
218.0,3,3
219.0,3,4
220.0,3,3
221.0,3,4
222.0,3,4
223.0,3,4
224.0,3,4
225.0,3,5
226.0,3,3
227.0,3,4
228.0,3,5
229.0,3,5
230.0,3,3
231.0,3,5
232.0,3,2
233.0,3,3
234.0,3,5
235.0,3,1
236.0,3,3
237.0,3,2
238.0,3,4
239.0,3,4
240.0,3,4
241.0,3,4
242.0,3,5
243.0,3,5
244.0,3,5
245.0,3,3
246.0,3,3
247.0,3,4
248.0,3,4
249.0,3,4
250.0,3,2
251.0,3,3
252.0,3,4
253.0,3,2
254.0,3,4
255.0,3,3
256.0,3,4
257.0,3,4
258.0,3,4
259.0,3,4
260.0,3,5
261.0,3,3
262.0,3,2
263.0,3,2
264.0,3,3
265.0,3,3
266.0,3,4
267.0,3,4
268.0,3,4
269.0,3,5
270.0,3,3
271.0,3,3
272.0,3,3
273.0,3,4
274.0,3,4
275.0,3,4
276.0,3,4
277.0,3,4
278.0,3,4
279.0,3,3
280.0,3,3
281.0,3,2
282.0,3,5
283.0,3,5
284.0,3,5
285.0,3,5
286.0,3,5
287.0,3,4
288.0,3,3
289.0,3,5
290.0,3,2
291.0,3,4
292.0,3,5
293.0,3,5
294.0,3,3
295.0,3,4
296.0,3,4
297.0,3,4
298.0,3,4
299.0,3,5
300.0,3,2
301.0,3,3
302.0,3,3
303.0,3,5
304.0,3,2
305.0,3,2
306.0,3,4
307.0,3,2
308.0,3,4
309.0,3,4
310.0,3,5
311.0,3,3
312.0,3,4
313.0,3,4
314.0,3,2
315.0,3,4
316.0,3,4
317.0,3,4
318.0,3,4
319.0,3,3
320.0,3,4
321.0,3,4
322.0,3,4
323.0,3,4
324.0,3,4
325.0,3,3
326.0,3,2
327.0,3,5
328.0,3,2
329.0,3,2
330.0,3,5
331.0,3,3
332.0,3,3
333.0,3,4
334.0,3,4
335.0,3,4
336.0,3,1
337.0,3,5
338.0,3,4
339.0,3,2
340.0,3,5
341.0,3,3
342.0,3,4
343.0,3,4
344.0,3,4
345.0,3,4
346.0,3,5
347.0,3,4
348.0,3,4
349.0,3,4
350.0,3,4
351.0,3,4
352.0,3,4
353.0,3,3
354.0,3,5
355.0,3,2
356.0,3,4
357.0,3,4
358.0,3,2
359.0,3,4
360.0,3,4
361.0,3,5
362.0,3,4
363.0,3,4
364.0,3,5
365.0,3,3
366.0,3,2
367.0,3,2
368.0,3,2
369.0,3,5
370.0,3,5
371.0,3,5
372.0,3,3
373.0,3,2
374.0,3,4
375.0,3,4
376.0,3,4
377.0,3,2
378.0,3,4
379.0,3,3
380.0,3,5
381.0,3,4
382.0,3,3
383.0,3,4
384.0,3,2
385.0,3,3
386.0,3,5
387.0,3,3
388.0,3,3
389.0,3,3
390.0,3,2
391.0,3,4
392.0,3,5
393.0,3,5
394.0,3,5
395.0,3,5
396.0,3,3
397.0,3,5
398.0,3,5
399.0,3,3
400.0,3,4
401.0,3,4
402.0,3,3
403.0,3,5
404.0,3,2
405.0,3,5
406.0,3,4
407.0,3,5
408.0,3,2
409.0,3,1
410.0,3,4
411.0,3,3
412.0,3,4
413.0,3,4
414.0,3,4
415.0,3,4
416.0,3,3
417.0,3,4
418.0,3,4
419.0,3,3
420.0,3,2
421.0,3,4
422.0,3,5
423.0,3,4
424.0,3,1
425.0,3,3
426.0,3,1
427.0,3,3
428.0,3,5
429.0,3,1
430.0,3,4
431.0,3,2
432.0,3,2
433.0,3,5
434.0,3,1
435.0,3,2
436.0,3,4
437.0,3,3
438.0,3,2
439.0,3,5
440.0,3,4
441.0,3,4
442.0,3,4
443.0,3,2
444.0,3,3
445.0,3,5
446.0,3,3
447.0,3,4
448.0,3,2
449.0,3,4
450.0,3,2
451.0,3,5
452.0,3,4
453.0,3,3
454.0,3,4
455.0,3,5
456.0,3,3
457.0,3,3
458.0,3,5
1.0,2,3
2.0,2,3
3.0,2,2
4.0,2,3
5.0,2,3
6.0,2,4
7.0,2,4
8.0,2,2
9.0,2,3
10.0,2,3
11.0,2,3
12.0,2,4
13.0,2,5
14.0,2,4
15.0,2,2
16.0,2,4
17.0,2,2
18.0,2,3
19.0,2,4
20.0,2,4
21.0,2,4
22.0,2,2
23.0,2,5
24.0,2,4
25.0,2,4
26.0,2,4
27.0,2,5
28.0,2,3
29.0,2,5
30.0,2,4
31.0,2,3
32.0,2,4
33.0,2,4
34.0,2,3
35.0,2,3
36.0,2,3
37.0,2,1
38.0,2,2
39.0,2,3
40.0,2,2
41.0,2,3
42.0,2,4
43.0,2,4
44.0,2,3
45.0,2,4
46.0,2,3
47.0,2,3
48.0,2,3
49.0,2,3
50.0,2,3
51.0,2,2
52.0,2,3
53.0,2,4
54.0,2,4
55.0,2,2
56.0,2,1
57.0,2,3
58.0,2,4
59.0,2,2
60.0,2,1
61.0,2,4
62.0,2,3
63.0,2,2
64.0,2,3
65.0,2,4
66.0,2,3
67.0,2,3
68.0,2,3
69.0,2,3
70.0,2,3
71.0,2,4
72.0,2,4
73.0,2,3
74.0,2,3
75.0,2,3
76.0,2,4
77.0,2,2
78.0,2,3
79.0,2,4
80.0,2,4
81.0,2,3
82.0,2,2
83.0,2,5
84.0,2,2
85.0,2,2
86.0,2,4
87.0,2,4
88.0,2,3
89.0,2,4
90.0,2,4
91.0,2,4
92.0,2,5
93.0,2,2
94.0,2,3
95.0,2,4
96.0,2,5
97.0,2,2
98.0,2,4
99.0,2,1
100.0,2,5
101.0,2,4
102.0,2,4
103.0,2,4
104.0,2,4
105.0,2,2
106.0,2,3
107.0,2,4
108.0,2,4
109.0,2,5
110.0,2,5
111.0,2,3
112.0,2,3
113.0,2,2
114.0,2,4
115.0,2,2
116.0,2,3
117.0,2,2
118.0,2,4
119.0,2,3
120.0,2,4
121.0,2,2
122.0,2,5
123.0,2,5
124.0,2,5
125.0,2,3
126.0,2,4
127.0,2,2
128.0,2,5
129.0,2,2
130.0,2,2
131.0,2,3
132.0,2,4
133.0,2,5
134.0,2,3
135.0,2,5
136.0,2,2
137.0,2,3
138.0,2,4
139.0,2,4
140.0,2,3
141.0,2,5
142.0,2,3
143.0,2,4
144.0,2,2
145.0,2,4
146.0,2,4
147.0,2,5
148.0,2,4
149.0,2,2
150.0,2,2
151.0,2,4
152.0,2,3
153.0,2,2
154.0,2,4
155.0,2,2
156.0,2,2
157.0,2,3
158.0,2,3
159.0,2,3
160.0,2,4
161.0,2,5
162.0,2,1
163.0,2,4
164.0,2,5
165.0,2,4
166.0,2,4
167.0,2,4
168.0,2,2
169.0,2,5
170.0,2,3
171.0,2,5
172.0,2,1
173.0,2,3
174.0,2,4
175.0,2,3
176.0,2,3
177.0,2,1
178.0,2,2
179.0,2,3
180.0,2,2
181.0,2,3
182.0,2,4
183.0,2,1
184.0,2,2
185.0,2,3
186.0,2,4
187.0,2,4
188.0,2,4
189.0,2,1
190.0,2,3
191.0,2,3
192.0,2,4
193.0,2,3
194.0,2,2
195.0,2,2
196.0,2,3
197.0,2,2
198.0,2,4
199.0,2,3
200.0,2,2
201.0,2,2
202.0,2,2
203.0,2,3
204.0,2,3
205.0,2,3
206.0,2,3
207.0,2,2
208.0,2,2
209.0,2,1
210.0,2,3
211.0,2,3
212.0,2,4
213.0,2,3
214.0,2,4
215.0,2,4
216.0,2,3
217.0,2,2
218.0,2,2
219.0,2,3
220.0,2,3
221.0,2,4
222.0,2,4
223.0,2,3
224.0,2,4
225.0,2,5
226.0,2,3
227.0,2,4
228.0,2,5
229.0,2,4
230.0,2,2
231.0,2,5
232.0,2,2
233.0,2,3
234.0,2,5
235.0,2,1
236.0,2,4
237.0,2,3
238.0,2,4
239.0,2,4
240.0,2,4
241.0,2,5
242.0,2,5
243.0,2,5
244.0,2,5
245.0,2,2
246.0,2,5
247.0,2,5
248.0,2,4
249.0,2,5
250.0,2,3
251.0,2,4
252.0,2,4
253.0,2,2
254.0,2,4
255.0,2,5
256.0,2,4
257.0,2,4
258.0,2,4
259.0,2,4
260.0,2,3
261.0,2,4
262.0,2,2
263.0,2,2
264.0,2,3
265.0,2,5
266.0,2,4
267.0,2,4
268.0,2,4
269.0,2,5
270.0,2,1
271.0,2,2
272.0,2,3
273.0,2,4
274.0,2,4
275.0,2,4
276.0,2,5
277.0,2,2
278.0,2,3
279.0,2,3
280.0,2,3
281.0,2,4
282.0,2,4
283.0,2,2
284.0,2,5
285.0,2,5
286.0,2,2
287.0,2,4
288.0,2,3
289.0,2,5
290.0,2,2
291.0,2,4
292.0,2,5
293.0,2,5
294.0,2,3
295.0,2,4
296.0,2,4
297.0,2,4
298.0,2,4
299.0,2,2
300.0,2,2
301.0,2,2
302.0,2,3
303.0,2,4
304.0,2,3
305.0,2,2
306.0,2,4
307.0,2,2
308.0,2,3
309.0,2,3
310.0,2,4
311.0,2,2
312.0,2,4
313.0,2,2
314.0,2,3
315.0,2,3
316.0,2,2
317.0,2,4
318.0,2,3
319.0,2,3
320.0,2,4
321.0,2,4
322.0,2,3
323.0,2,4
324.0,2,4
325.0,2,3
326.0,2,2
327.0,2,1
328.0,2,1
329.0,2,2
330.0,2,5
331.0,2,3
332.0,2,3
333.0,2,2
334.0,2,4
335.0,2,4
336.0,2,2
337.0,2,5
338.0,2,4
339.0,2,2
340.0,2,3
341.0,2,4
342.0,2,4
343.0,2,3
344.0,2,3
345.0,2,5
346.0,2,2
347.0,2,4
348.0,2,4
349.0,2,2
350.0,2,4
351.0,2,4
352.0,2,3
353.0,2,3
354.0,2,5
355.0,2,2
356.0,2,4
357.0,2,3
358.0,2,3
359.0,2,3
360.0,2,4
361.0,2,3
362.0,2,4
363.0,2,2
364.0,2,5
365.0,2,3
366.0,2,1
367.0,2,2
368.0,2,2
369.0,2,5
370.0,2,5
371.0,2,5
372.0,2,1
373.0,2,2
374.0,2,4
375.0,2,3
376.0,2,4
377.0,2,2
378.0,2,5
379.0,2,4
380.0,2,5
381.0,2,4
382.0,2,2
383.0,2,4
384.0,2,1
385.0,2,5
386.0,2,5
387.0,2,3
388.0,2,3
389.0,2,2
390.0,2,2
391.0,2,4
392.0,2,2
393.0,2,5
394.0,2,4
395.0,2,4
396.0,2,3
397.0,2,5
398.0,2,4
399.0,2,3
400.0,2,5
401.0,2,2
402.0,2,5
403.0,2,5
404.0,2,2
405.0,2,5
406.0,2,3
407.0,2,5
408.0,2,2
409.0,2,1
410.0,2,3
411.0,2,3
412.0,2,4
413.0,2,5
414.0,2,5
415.0,2,4
416.0,2,3
417.0,2,4
418.0,2,4
419.0,2,3
420.0,2,2
421.0,2,1
422.0,2,3
423.0,2,4
424.0,2,1
425.0,2,2
426.0,2,1
427.0,2,3
428.0,2,4
429.0,2,3
430.0,2,2
431.0,2,2
432.0,2,3
433.0,2,5
434.0,2,1
435.0,2,2
436.0,2,5
437.0,2,3
438.0,2,1
439.0,2,5
440.0,2,2
441.0,2,4
442.0,2,3
443.0,2,4
444.0,2,2
445.0,2,4
446.0,2,2
447.0,2,4
448.0,2,2
449.0,2,4
450.0,2,3
451.0,2,2
452.0,2,3
453.0,2,2
454.0,2,3
455.0,2,4
456.0,2,5
457.0,2,2
458.0,2,4
1.0,2,2
2.0,2,4
3.0,2,2
4.0,2,3
5.0,2,4
6.0,2,4
7.0,2,4
8.0,2,5
9.0,2,4
10.0,2,4
11.0,2,4
12.0,2,4
13.0,2,5
14.0,2,4
15.0,2,4
16.0,2,4
17.0,2,4
18.0,2,4
19.0,2,5
20.0,2,4
21.0,2,5
22.0,2,1
23.0,2,3
24.0,2,4
25.0,2,5
26.0,2,4
27.0,2,5
28.0,2,4
29.0,2,4
30.0,2,4
31.0,2,2
32.0,2,4
33.0,2,4
34.0,2,3
35.0,2,3
36.0,2,3
37.0,2,1
38.0,2,2
39.0,2,5
40.0,2,4
41.0,2,4
42.0,2,3
43.0,2,4
44.0,2,4
45.0,2,4
46.0,2,2
47.0,2,2
48.0,2,4
49.0,2,5
50.0,2,4
51.0,2,2
52.0,2,4
53.0,2,2
54.0,2,4
55.0,2,2
56.0,2,1
57.0,2,3
58.0,2,5
59.0,2,3
60.0,2,3
61.0,2,5
62.0,2,2
63.0,2,2
64.0,2,4
65.0,2,3
66.0,2,4
67.0,2,4
68.0,2,4
69.0,2,4
70.0,2,4
71.0,2,4
72.0,2,4
73.0,2,3
74.0,2,4
75.0,2,4
76.0,2,4
77.0,2,2
78.0,2,3
79.0,2,4
80.0,2,4
81.0,2,5
82.0,2,4
83.0,2,5
84.0,2,3
85.0,2,2
86.0,2,3
87.0,2,4
88.0,2,4
89.0,2,4
90.0,2,4
91.0,2,5
92.0,2,5
93.0,2,2
94.0,2,3
95.0,2,4
96.0,2,4
97.0,2,2
98.0,2,4
99.0,2,1
100.0,2,4
101.0,2,4
102.0,2,5
103.0,2,4
104.0,2,2
105.0,2,2
106.0,2,4
107.0,2,5
108.0,2,4
109.0,2,4
110.0,2,4
111.0,2,3
112.0,2,4
113.0,2,2
114.0,2,3
115.0,2,2
116.0,2,5
117.0,2,1
118.0,2,4
119.0,2,2
120.0,2,4
121.0,2,2
122.0,2,5
123.0,2,5
124.0,2,4
125.0,2,4
126.0,2,4
127.0,2,2
128.0,2,4
129.0,2,2
130.0,2,4
131.0,2,2
132.0,2,4
133.0,2,4
134.0,2,3
135.0,2,4
136.0,2,1
137.0,2,4
138.0,2,2
139.0,2,4
140.0,2,3
141.0,2,4
142.0,2,4
143.0,2,4
144.0,2,4
145.0,2,2
146.0,2,3
147.0,2,5
148.0,2,4
149.0,2,2
150.0,2,5
151.0,2,3
152.0,2,3
153.0,2,3
154.0,2,4
155.0,2,1
156.0,2,3
157.0,2,2
158.0,2,2
159.0,2,4
160.0,2,4
161.0,2,4
162.0,2,2
163.0,2,3
164.0,2,4
165.0,2,4
166.0,2,4
167.0,2,5
168.0,2,2
169.0,2,4
170.0,2,4
171.0,2,4
172.0,2,5
173.0,2,1
174.0,2,4
175.0,2,4
176.0,2,2
177.0,2,1
178.0,2,2
179.0,2,4
180.0,2,3
181.0,2,3
182.0,2,4
183.0,2,4
184.0,2,4
185.0,2,4
186.0,2,3
187.0,2,3
188.0,2,3
189.0,2,1
190.0,2,4
191.0,2,2
192.0,2,4
193.0,2,2
194.0,2,4
195.0,2,3
196.0,2,3
197.0,2,2
198.0,2,2
199.0,2,3
200.0,2,2
201.0,2,2
202.0,2,4
203.0,2,2
204.0,2,3
205.0,2,4
206.0,2,3
207.0,2,3
208.0,2,2
209.0,2,3
210.0,2,2
211.0,2,3
212.0,2,3
213.0,2,2
214.0,2,4
215.0,2,1
216.0,2,2
217.0,2,2
218.0,2,3
219.0,2,4
220.0,2,3
221.0,2,4
222.0,2,4
223.0,2,4
224.0,2,4
225.0,2,5
226.0,2,2
227.0,2,3
228.0,2,5
229.0,2,4
230.0,2,3
231.0,2,4
232.0,2,2
233.0,2,2
234.0,2,4
235.0,2,1
236.0,2,3
237.0,2,2
238.0,2,4
239.0,2,4
240.0,2,4
241.0,2,3
242.0,2,2
243.0,2,5
244.0,2,5
245.0,2,3
246.0,2,5
247.0,2,4
248.0,2,4
249.0,2,4
250.0,2,3
251.0,2,4
252.0,2,4
253.0,2,2
254.0,2,4
255.0,2,3
256.0,2,4
257.0,2,4
258.0,2,4
259.0,2,4
260.0,2,4
261.0,2,4
262.0,2,2
263.0,2,2
264.0,2,5
265.0,2,5
266.0,2,2
267.0,2,4
268.0,2,4
269.0,2,4
270.0,2,2
271.0,2,3
272.0,2,2
273.0,2,5
274.0,2,4
275.0,2,4
276.0,2,5
277.0,2,4
278.0,2,4
279.0,2,3
280.0,2,4
281.0,2,4
282.0,2,5
283.0,2,5
284.0,2,4
285.0,2,5
286.0,2,2
287.0,2,4
288.0,2,4
289.0,2,5
290.0,2,2
291.0,2,4
292.0,2,4
293.0,2,5
294.0,2,3
295.0,2,4
296.0,2,4
297.0,2,4
298.0,2,2
299.0,2,3
300.0,2,3
301.0,2,3
302.0,2,4
303.0,2,4
304.0,2,3
305.0,2,3
306.0,2,2
307.0,2,2
308.0,2,2
309.0,2,2
310.0,2,5
311.0,2,3
312.0,2,4
313.0,2,4
314.0,2,2
315.0,2,4
316.0,2,2
317.0,2,3
318.0,2,4
319.0,2,4
320.0,2,5
321.0,2,3
322.0,2,4
323.0,2,4
324.0,2,4
325.0,2,5
326.0,2,3
327.0,2,4
328.0,2,1
329.0,2,2
330.0,2,5
331.0,2,3
332.0,2,4
333.0,2,4
334.0,2,2
335.0,2,4
336.0,2,1
337.0,2,5
338.0,2,4
339.0,2,2
340.0,2,4
341.0,2,3
342.0,2,3
343.0,2,4
344.0,2,3
345.0,2,4
346.0,2,5
347.0,2,4
348.0,2,4
349.0,2,4
350.0,2,4
351.0,2,4
352.0,2,2
353.0,2,2
354.0,2,5
355.0,2,2
356.0,2,4
357.0,2,4
358.0,2,2
359.0,2,3
360.0,2,4
361.0,2,4
362.0,2,5
363.0,2,2
364.0,2,5
365.0,2,3
366.0,2,1
367.0,2,3
368.0,2,2
369.0,2,5
370.0,2,5
371.0,2,5
372.0,2,3
373.0,2,4
374.0,2,3
375.0,2,2
376.0,2,4
377.0,2,4
378.0,2,5
379.0,2,3
380.0,2,5
381.0,2,4
382.0,2,3
383.0,2,4
384.0,2,2
385.0,2,5
386.0,2,5
387.0,2,3
388.0,2,2
389.0,2,3
390.0,2,3
391.0,2,4
392.0,2,4
393.0,2,5
394.0,2,5
395.0,2,4
396.0,2,2
397.0,2,4
398.0,2,5
399.0,2,3
400.0,2,5
401.0,2,3
402.0,2,5
403.0,2,4
404.0,2,2
405.0,2,5
406.0,2,3
407.0,2,5
408.0,2,2
409.0,2,1
410.0,2,2
411.0,2,3
412.0,2,4
413.0,2,4
414.0,2,5
415.0,2,4
416.0,2,3
417.0,2,4
418.0,2,4
419.0,2,3
420.0,2,2
421.0,2,5
422.0,2,3
423.0,2,4
424.0,2,1
425.0,2,2
426.0,2,3
427.0,2,2
428.0,2,4
429.0,2,2
430.0,2,3
431.0,2,2
432.0,2,2
433.0,2,5
434.0,2,1
435.0,2,3
436.0,2,5
437.0,2,4
438.0,2,1
439.0,2,5
440.0,2,2
441.0,2,4
442.0,2,4
443.0,2,3
444.0,2,3
445.0,2,5
446.0,2,3
447.0,2,5
448.0,2,3
449.0,2,4
450.0,2,4
451.0,2,5
452.0,2,3
453.0,2,3
454.0,2,2
455.0,2,4
456.0,2,5
457.0,2,3
458.0,2,4
1.0,2,3
2.0,2,3
3.0,2,2
4.0,2,3
5.0,2,2
6.0,2,4
7.0,2,4
8.0,2,2
9.0,2,3
10.0,2,3
11.0,2,2
12.0,2,4
13.0,2,3
14.0,2,4
15.0,2,2
16.0,2,4
17.0,2,4
18.0,2,4
19.0,2,5
20.0,2,3
21.0,2,4
22.0,2,1
23.0,2,4
24.0,2,4
25.0,2,4
26.0,2,2
27.0,2,2
28.0,2,1
29.0,2,4
30.0,2,3
31.0,2,1
32.0,2,4
33.0,2,4
34.0,2,3
35.0,2,3
36.0,2,2
37.0,2,1
38.0,2,2
39.0,2,4
40.0,2,3
41.0,2,3
42.0,2,2
43.0,2,4
44.0,2,3
45.0,2,4
46.0,2,3
47.0,2,3
48.0,2,3
49.0,2,2
50.0,2,3
51.0,2,2
52.0,2,3
53.0,2,2
54.0,2,4
55.0,2,2
56.0,2,1
57.0,2,3
58.0,2,5
59.0,2,2
60.0,2,2
61.0,2,4
62.0,2,3
63.0,2,2
64.0,2,3
65.0,2,2
66.0,2,4
67.0,2,3
68.0,2,4
69.0,2,4
70.0,2,3
71.0,2,2
72.0,2,4
73.0,2,2
74.0,2,4
75.0,2,2
76.0,2,5
77.0,2,2
78.0,2,2
79.0,2,4
80.0,2,4
81.0,2,3
82.0,2,4
83.0,2,3
84.0,2,3
85.0,2,3
86.0,2,3
87.0,2,3
88.0,2,3
89.0,2,3
90.0,2,4
91.0,2,5
92.0,2,4
93.0,2,2
94.0,2,2
95.0,2,5
96.0,2,2
97.0,2,2
98.0,2,3
99.0,2,2
100.0,2,5
101.0,2,4
102.0,2,5
103.0,2,2
104.0,2,4
105.0,2,2
106.0,2,2
107.0,2,3
108.0,2,5
109.0,2,5
110.0,2,3
111.0,2,3
112.0,2,3
113.0,2,2
114.0,2,3
115.0,2,2
116.0,2,5
117.0,2,1
118.0,2,4
119.0,2,3
120.0,2,4
121.0,2,2
122.0,2,5
123.0,2,5
124.0,2,3
125.0,2,3
126.0,2,4
127.0,2,2
128.0,2,3
129.0,2,2
130.0,2,3
131.0,2,3
132.0,2,3
133.0,2,3
134.0,2,3
135.0,2,4
136.0,2,2
137.0,2,3
138.0,2,3
139.0,2,2
140.0,2,3
141.0,2,2
142.0,2,3
143.0,2,4
144.0,2,1
145.0,2,4
146.0,2,3
147.0,2,5
148.0,2,4
149.0,2,2
150.0,2,4
151.0,2,2
152.0,2,4
153.0,2,3
154.0,2,4
155.0,2,1
156.0,2,3
157.0,2,3
158.0,2,2
159.0,2,3
160.0,2,4
161.0,2,5
162.0,2,1
163.0,2,3
164.0,2,5
165.0,2,4
166.0,2,5
167.0,2,3
168.0,2,1
169.0,2,2
170.0,2,2
171.0,2,2
172.0,2,2
173.0,2,1
174.0,2,5
175.0,2,3
176.0,2,1
177.0,2,1
178.0,2,2
179.0,2,2
180.0,2,2
181.0,2,2
182.0,2,3
183.0,2,2
184.0,2,4
185.0,2,2
186.0,2,2
187.0,2,3
188.0,2,3
189.0,2,3
190.0,2,2
191.0,2,2
192.0,2,3
193.0,2,3
194.0,2,3
195.0,2,1
196.0,2,2
197.0,2,2
198.0,2,4
199.0,2,3
200.0,2,2
201.0,2,3
202.0,2,1
203.0,2,2
204.0,2,2
205.0,2,4
206.0,2,3
207.0,2,2
208.0,2,2
209.0,2,2
210.0,2,1
211.0,2,3
212.0,2,3
213.0,2,2
214.0,2,3
215.0,2,2
216.0,2,2
217.0,2,3
218.0,2,3
219.0,2,3
220.0,2,3
221.0,2,3
222.0,2,4
223.0,2,3
224.0,2,4
225.0,2,5
226.0,2,3
227.0,2,4
228.0,2,5
229.0,2,4
230.0,2,2
231.0,2,2
232.0,2,2
233.0,2,2
234.0,2,4
235.0,2,1
236.0,2,2
237.0,2,2
238.0,2,2
239.0,2,4
240.0,2,4
241.0,2,2
242.0,2,3
243.0,2,5
244.0,2,5
245.0,2,3
246.0,2,5
247.0,2,4
248.0,2,5
249.0,2,4
250.0,2,2
251.0,2,4
252.0,2,2
253.0,2,2
254.0,2,4
255.0,2,4
256.0,2,4
257.0,2,4
258.0,2,2
259.0,2,5
260.0,2,4
261.0,2,3
262.0,2,2
263.0,2,2
264.0,2,2
265.0,2,5
266.0,2,2
267.0,2,4
268.0,2,4
269.0,2,5
270.0,2,1
271.0,2,3
272.0,2,3
273.0,2,4
274.0,2,4
275.0,2,2
276.0,2,5
277.0,2,2
278.0,2,4
279.0,2,3
280.0,2,4
281.0,2,4
282.0,2,2
283.0,2,2
284.0,2,4
285.0,2,4
286.0,2,1
287.0,2,2
288.0,2,3
289.0,2,2
290.0,2,2
291.0,2,3
292.0,2,5
293.0,2,5
294.0,2,3
295.0,2,4
296.0,2,4
297.0,2,4
298.0,2,2
299.0,2,1
300.0,2,2
301.0,2,2
302.0,2,3
303.0,2,4
304.0,2,3
305.0,2,2
306.0,2,3
307.0,2,1
308.0,2,3
309.0,2,4
310.0,2,4
311.0,2,2
312.0,2,4
313.0,2,3
314.0,2,3
315.0,2,4
316.0,2,3
317.0,2,4
318.0,2,2
319.0,2,3
320.0,2,3
321.0,2,4
322.0,2,4
323.0,2,4
324.0,2,3
325.0,2,2
326.0,2,2
327.0,2,1
328.0,2,1
329.0,2,2
330.0,2,2
331.0,2,3
332.0,2,2
333.0,2,4
334.0,2,3
335.0,2,3
336.0,2,1
337.0,2,2
338.0,2,4
339.0,2,1
340.0,2,2
341.0,2,2
342.0,2,4
343.0,2,4
344.0,2,3
345.0,2,4
346.0,2,3
347.0,2,4
348.0,2,4
349.0,2,4
350.0,2,4
351.0,2,4
352.0,2,2
353.0,2,2
354.0,2,5
355.0,2,3
356.0,2,4
357.0,2,4
358.0,2,2
359.0,2,3
360.0,2,4
361.0,2,3
362.0,2,4
363.0,2,2
364.0,2,4
365.0,2,2
366.0,2,1
367.0,2,2
368.0,2,2
369.0,2,5
370.0,2,5
371.0,2,5
372.0,2,1
373.0,2,1
374.0,2,3
375.0,2,2
376.0,2,4
377.0,2,1
378.0,2,4
379.0,2,2
380.0,2,5
381.0,2,3
382.0,2,2
383.0,2,3
384.0,2,1
385.0,2,3
386.0,2,1
387.0,2,3
388.0,2,2
389.0,2,2
390.0,2,2
391.0,2,4
392.0,2,3
393.0,2,5
394.0,2,4
395.0,2,4
396.0,2,2
397.0,2,4
398.0,2,5
399.0,2,3
400.0,2,4
401.0,2,2
402.0,2,2
403.0,2,3
404.0,2,3
405.0,2,5
406.0,2,3
407.0,2,5
408.0,2,2
409.0,2,1
410.0,2,3
411.0,2,3
412.0,2,4
413.0,2,4
414.0,2,4
415.0,2,4
416.0,2,2
417.0,2,4
418.0,2,2
419.0,2,3
420.0,2,2
421.0,2,4
422.0,2,3
423.0,2,2
424.0,2,1
425.0,2,3
426.0,2,2
427.0,2,2
428.0,2,4
429.0,2,2
430.0,2,2
431.0,2,2
432.0,2,3
433.0,2,3
434.0,2,1
435.0,2,2
436.0,2,4
437.0,2,3
438.0,2,2
439.0,2,3
440.0,2,2
441.0,2,4
442.0,2,4
443.0,2,2
444.0,2,3
445.0,2,3
446.0,2,3
447.0,2,4
448.0,2,2
449.0,2,4
450.0,2,4
451.0,2,1
452.0,2,3
453.0,2,1
454.0,2,3
455.0,2,3
456.0,2,5
457.0,2,2
458.0,2,4
1.0,2,4
2.0,2,2
3.0,2,2
4.0,2,3
5.0,2,1
6.0,2,4
7.0,2,4
8.0,2,4
9.0,2,3
10.0,2,3
11.0,2,3
12.0,2,4
13.0,2,3
14.0,2,3
15.0,2,3
16.0,2,4
17.0,2,4
18.0,2,4
19.0,2,4
20.0,2,4
21.0,2,4
22.0,2,2
23.0,2,4
24.0,2,4
25.0,2,5
26.0,2,3
27.0,2,1
28.0,2,3
29.0,2,4
30.0,2,4
31.0,2,2
32.0,2,4
33.0,2,4
34.0,2,3
35.0,2,4
36.0,2,2
37.0,2,1
38.0,2,2
39.0,2,4
40.0,2,2
41.0,2,4
42.0,2,2
43.0,2,4
44.0,2,4
45.0,2,4
46.0,2,2
47.0,2,2
48.0,2,2
49.0,2,4
50.0,2,3
51.0,2,4
52.0,2,3
53.0,2,3
54.0,2,4
55.0,2,2
56.0,2,1
57.0,2,3
58.0,2,4
59.0,2,2
60.0,2,2
61.0,2,5
62.0,2,3
63.0,2,2
64.0,2,3
65.0,2,4
66.0,2,4
67.0,2,4
68.0,2,4
69.0,2,4
70.0,2,2
71.0,2,5
72.0,2,4
73.0,2,2
74.0,2,5
75.0,2,2
76.0,2,4
77.0,2,2
78.0,2,2
79.0,2,3
80.0,2,4
81.0,2,4
82.0,2,2
83.0,2,3
84.0,2,2
85.0,2,2
86.0,2,2
87.0,2,5
88.0,2,3
89.0,2,4
90.0,2,3
91.0,2,5
92.0,2,5
93.0,2,2
94.0,2,3
95.0,2,5
96.0,2,5
97.0,2,2
98.0,2,2
99.0,2,2
100.0,2,5
101.0,2,4
102.0,2,4
103.0,2,4
104.0,2,2
105.0,2,2
106.0,2,4
107.0,2,4
108.0,2,5
109.0,2,5
110.0,2,4
111.0,2,4
112.0,2,3
113.0,2,4
114.0,2,5
115.0,2,2
116.0,2,5
117.0,2,2
118.0,2,4
119.0,2,2
120.0,2,4
121.0,2,2
122.0,2,5
123.0,2,5
124.0,2,4
125.0,2,4
126.0,2,4
127.0,2,1
128.0,2,4
129.0,2,1
130.0,2,3
131.0,2,4
132.0,2,2
133.0,2,3
134.0,2,3
135.0,2,4
136.0,2,2
137.0,2,4
138.0,2,2
139.0,2,2
140.0,2,4
141.0,2,4
142.0,2,4
143.0,2,5
144.0,2,2
145.0,2,2
146.0,2,3
147.0,2,5
148.0,2,4
149.0,2,2
150.0,2,2
151.0,2,4
152.0,2,4
153.0,2,2
154.0,2,5
155.0,2,1
156.0,2,2
157.0,2,2
158.0,2,2
159.0,2,2
160.0,2,4
161.0,2,4
162.0,2,2
163.0,2,3
164.0,2,4
165.0,2,4
166.0,2,4
167.0,2,5
168.0,2,1
169.0,2,4
170.0,2,3
171.0,2,4
172.0,2,5
173.0,2,1
174.0,2,4
175.0,2,4
176.0,2,1
177.0,2,1
178.0,2,3
179.0,2,4
180.0,2,3
181.0,2,2
182.0,2,4
183.0,2,2
184.0,2,4
185.0,2,3
186.0,2,3
187.0,2,4
188.0,2,4
189.0,2,3
190.0,2,3
191.0,2,2
192.0,2,4
193.0,2,2
194.0,2,3
195.0,2,2
196.0,2,3
197.0,2,2
198.0,2,4
199.0,2,3
200.0,2,2
201.0,2,2
202.0,2,2
203.0,2,3
204.0,2,2
205.0,2,4
206.0,2,3
207.0,2,2
208.0,2,2
209.0,2,2
210.0,2,2
211.0,2,3
212.0,2,3
213.0,2,4
214.0,2,4
215.0,2,2
216.0,2,4
217.0,2,2
218.0,2,4
219.0,2,2
220.0,2,3
221.0,2,3
222.0,2,4
223.0,2,4
224.0,2,4
225.0,2,5
226.0,2,1
227.0,2,5
228.0,2,4
229.0,2,4
230.0,2,3
231.0,2,2
232.0,2,1
233.0,2,2
234.0,2,4
235.0,2,1
236.0,2,3
237.0,2,2
238.0,2,2
239.0,2,3
240.0,2,3
241.0,2,1
242.0,2,4
243.0,2,5
244.0,2,5
245.0,2,3
246.0,2,5
247.0,2,4
248.0,2,5
249.0,2,4
250.0,2,2
251.0,2,4
252.0,2,2
253.0,2,2
254.0,2,4
255.0,2,5
256.0,2,4
257.0,2,4
258.0,2,2
259.0,2,5
260.0,2,3
261.0,2,3
262.0,2,2
263.0,2,2
264.0,2,2
265.0,2,5
266.0,2,4
267.0,2,4
268.0,2,4
269.0,2,5
270.0,2,1
271.0,2,3
272.0,2,2
273.0,2,5
274.0,2,4
275.0,2,4
276.0,2,4
277.0,2,2
278.0,2,3
279.0,2,3
280.0,2,3
281.0,2,4
282.0,2,3
283.0,2,1
284.0,2,5
285.0,2,4
286.0,2,1
287.0,2,2
288.0,2,4
289.0,2,3
290.0,2,4
291.0,2,4
292.0,2,2
293.0,2,5
294.0,2,3
295.0,2,4
296.0,2,2
297.0,2,4
298.0,2,2
299.0,2,2
300.0,2,2
301.0,2,2
302.0,2,4
303.0,2,5
304.0,2,2
305.0,2,1
306.0,2,4
307.0,2,1
308.0,2,2
309.0,2,3
310.0,2,4
311.0,2,2
312.0,2,4
313.0,2,2
314.0,2,2
315.0,2,5
316.0,2,2
317.0,2,3
318.0,2,3
319.0,2,3
320.0,2,5
321.0,2,5
322.0,2,4
323.0,2,4
324.0,2,4
325.0,2,2
326.0,2,2
327.0,2,1
328.0,2,2
329.0,2,2
330.0,2,4
331.0,2,3
332.0,2,4
333.0,2,2
334.0,2,4
335.0,2,4
336.0,2,2
337.0,2,4
338.0,2,3
339.0,2,1
340.0,2,2
341.0,2,4
342.0,2,4
343.0,2,3
344.0,2,2
345.0,2,4
346.0,2,3
347.0,2,4
348.0,2,3
349.0,2,2
350.0,2,4
351.0,2,4
352.0,2,2
353.0,2,2
354.0,2,4
355.0,2,2
356.0,2,4
357.0,2,4
358.0,2,2
359.0,2,3
360.0,2,4
361.0,2,4
362.0,2,5
363.0,2,4
364.0,2,4
365.0,2,2
366.0,2,1
367.0,2,2
368.0,2,3
369.0,2,5
370.0,2,5
371.0,2,5
372.0,2,2
373.0,2,3
374.0,2,4
375.0,2,3
376.0,2,4
377.0,2,2
378.0,2,4
379.0,2,3
380.0,2,5
381.0,2,3
382.0,2,4
383.0,2,4
384.0,2,2
385.0,2,4
386.0,2,4
387.0,2,3
388.0,2,2
389.0,2,2
390.0,2,4
391.0,2,4
392.0,2,2
393.0,2,5
394.0,2,4
395.0,2,4
396.0,2,3
397.0,2,4
398.0,2,5
399.0,2,4
400.0,2,4
401.0,2,2
402.0,2,4
403.0,2,5
404.0,2,2
405.0,2,5
406.0,2,3
407.0,2,5
408.0,2,2
409.0,2,1
410.0,2,4
411.0,2,3
412.0,2,5
413.0,2,4
414.0,2,4
415.0,2,4
416.0,2,2
417.0,2,4
418.0,2,4
419.0,2,2
420.0,2,2
421.0,2,5
422.0,2,3
423.0,2,2
424.0,2,1
425.0,2,2
426.0,2,2
427.0,2,2
428.0,2,4
429.0,2,2
430.0,2,2
431.0,2,2
432.0,2,2
433.0,2,5
434.0,2,1
435.0,2,1
436.0,2,5
437.0,2,4
438.0,2,2
439.0,2,5
440.0,2,4
441.0,2,4
442.0,2,4
443.0,2,2
444.0,2,3
445.0,2,5
446.0,2,3
447.0,2,5
448.0,2,4
449.0,2,3
450.0,2,2
451.0,2,3
452.0,2,3
453.0,2,3
454.0,2,3
455.0,2,4
456.0,2,4
457.0,2,3
458.0,2,4
1.0,2,4
2.0,2,5
3.0,2,2
4.0,2,3
5.0,2,1
6.0,2,3
7.0,2,4
8.0,2,4
9.0,2,4
10.0,2,3
11.0,2,4
12.0,2,2
13.0,2,5
14.0,2,4
15.0,2,2
16.0,2,4
17.0,2,5
18.0,2,4
19.0,2,2
20.0,2,5
21.0,2,3
22.0,2,2
23.0,2,3
24.0,2,4
25.0,2,5
26.0,2,4
27.0,2,1
28.0,2,1
29.0,2,5
30.0,2,2
31.0,2,4
32.0,2,4
33.0,2,4
34.0,2,3
35.0,2,3
36.0,2,2
37.0,2,1
38.0,2,2
39.0,2,4
40.0,2,1
41.0,2,4
42.0,2,4
43.0,2,4
44.0,2,4
45.0,2,4
46.0,2,3
47.0,2,3
48.0,2,1
49.0,2,3
50.0,2,2
51.0,2,5
52.0,2,2
53.0,2,4
54.0,2,4
55.0,2,2
56.0,2,1
57.0,2,3
58.0,2,3
59.0,2,2
60.0,2,1
61.0,2,4
62.0,2,3
63.0,2,2
64.0,2,4
65.0,2,3
66.0,2,3
67.0,2,2
68.0,2,4
69.0,2,3
70.0,2,2
71.0,2,5
72.0,2,4
73.0,2,3
74.0,2,5
75.0,2,1
76.0,2,5
77.0,2,2
78.0,2,2
79.0,2,4
80.0,2,4
81.0,2,2
82.0,2,2
83.0,2,2
84.0,2,1
85.0,2,3
86.0,2,4
87.0,2,4
88.0,2,3
89.0,2,2
90.0,2,2
91.0,2,2
92.0,2,5
93.0,2,1
94.0,2,3
95.0,2,4
96.0,2,1
97.0,2,3
98.0,2,5
99.0,2,1
100.0,2,5
101.0,2,4
102.0,2,5
103.0,2,4
104.0,2,2
105.0,2,3
106.0,2,4
107.0,2,4
108.0,2,5
109.0,2,4
110.0,2,5
111.0,2,1
112.0,2,2
113.0,2,2
114.0,2,5
115.0,2,2
116.0,2,5
117.0,2,2
118.0,2,4
119.0,2,2
120.0,2,4
121.0,2,2
122.0,2,5
123.0,2,5
124.0,2,3
125.0,2,3
126.0,2,4
127.0,2,1
128.0,2,3
129.0,2,1
130.0,2,3
131.0,2,3
132.0,2,5
133.0,2,5
134.0,2,2
135.0,2,4
136.0,2,1
137.0,2,3
138.0,2,3
139.0,2,2
140.0,2,3
141.0,2,2
142.0,2,2
143.0,2,1
144.0,2,3
145.0,2,2
146.0,2,3
147.0,2,4
148.0,2,3
149.0,2,1
150.0,2,2
151.0,2,5
152.0,2,4
153.0,2,2
154.0,2,4
155.0,2,2
156.0,2,3
157.0,2,2
158.0,2,3
159.0,2,4
160.0,2,5
161.0,2,4
162.0,2,3
163.0,2,2
164.0,2,4
165.0,2,4
166.0,2,2
167.0,2,5
168.0,2,1
169.0,2,5
170.0,2,2
171.0,2,5
172.0,2,1
173.0,2,3
174.0,2,4
175.0,2,4
176.0,2,3
177.0,2,3
178.0,2,2
179.0,2,2
180.0,2,3
181.0,2,2
182.0,2,3
183.0,2,2
184.0,2,4
185.0,2,4
186.0,2,2
187.0,2,2
188.0,2,4
189.0,2,2
190.0,2,3
191.0,2,2
192.0,2,4
193.0,2,2
194.0,2,4
195.0,2,2
196.0,2,4
197.0,2,4
198.0,2,1
199.0,2,3
200.0,2,2
201.0,2,1
202.0,2,3
203.0,2,2
204.0,2,2
205.0,2,5
206.0,2,3
207.0,2,2
208.0,2,2
209.0,2,2
210.0,2,1
211.0,2,3
212.0,2,5
213.0,2,3
214.0,2,5
215.0,2,2
216.0,2,4
217.0,2,2
218.0,2,1
219.0,2,3
220.0,2,2
221.0,2,5
222.0,2,4
223.0,2,4
224.0,2,4
225.0,2,5
226.0,2,2
227.0,2,4
228.0,2,4
229.0,2,4
230.0,2,2
231.0,2,2
232.0,2,2
233.0,2,3
234.0,2,4
235.0,2,1
236.0,2,2
237.0,2,4
238.0,2,4
239.0,2,4
240.0,2,4
241.0,2,1
242.0,2,4
243.0,2,5
244.0,2,2
245.0,2,2
246.0,2,5
247.0,2,4
248.0,2,5
249.0,2,2
250.0,2,2
251.0,2,4
252.0,2,2
253.0,2,1
254.0,2,4
255.0,2,5
256.0,2,4
257.0,2,4
258.0,2,3
259.0,2,3
260.0,2,3
261.0,2,4
262.0,2,2
263.0,2,2
264.0,2,2
265.0,2,5
266.0,2,1
267.0,2,4
268.0,2,4
269.0,2,4
270.0,2,2
271.0,2,3
272.0,2,1
273.0,2,4
274.0,2,4
275.0,2,4
276.0,2,4
277.0,2,1
278.0,2,2
279.0,2,3
280.0,2,3
281.0,2,3
282.0,2,4
283.0,2,2
284.0,2,4
285.0,2,4
286.0,2,2
287.0,2,3
288.0,2,3
289.0,2,2
290.0,2,2
291.0,2,4
292.0,2,5
293.0,2,4
294.0,2,2
295.0,2,3
296.0,2,2
297.0,2,2
298.0,2,4
299.0,2,2
300.0,2,3
301.0,2,1
302.0,2,5
303.0,2,4
304.0,2,2
305.0,2,2
306.0,2,2
307.0,2,2
308.0,2,2
309.0,2,4
310.0,2,4
311.0,2,2
312.0,2,5
313.0,2,2
314.0,2,2
315.0,2,4
316.0,2,2
317.0,2,3
318.0,2,4
319.0,2,2
320.0,2,5
321.0,2,5
322.0,2,4
323.0,2,4
324.0,2,4
325.0,2,5
326.0,2,2
327.0,2,1
328.0,2,2
329.0,2,2
330.0,2,4
331.0,2,3
332.0,2,4
333.0,2,2
334.0,2,2
335.0,2,3
336.0,2,2
337.0,2,5
338.0,2,3
339.0,2,1
340.0,2,5
341.0,2,2
342.0,2,4
343.0,2,4
344.0,2,2
345.0,2,4
346.0,2,2
347.0,2,4
348.0,2,3
349.0,2,4
350.0,2,4
351.0,2,4
352.0,2,4
353.0,2,2
354.0,2,2
355.0,2,2
356.0,2,4
357.0,2,3
358.0,2,2
359.0,2,3
360.0,2,4
361.0,2,4
362.0,2,5
363.0,2,4
364.0,2,2
365.0,2,2
366.0,2,1
367.0,2,2
368.0,2,2
369.0,2,5
370.0,2,5
371.0,2,5
372.0,2,2
373.0,2,4
374.0,2,1
375.0,2,2
376.0,2,4
377.0,2,2
378.0,2,5
379.0,2,3
380.0,2,5
381.0,2,4
382.0,2,4
383.0,2,4
384.0,2,2
385.0,2,4
386.0,2,5
387.0,2,3
388.0,2,2
389.0,2,3
390.0,2,3
391.0,2,4
392.0,2,2
393.0,2,4
394.0,2,5
395.0,2,4
396.0,2,3
397.0,2,5
398.0,2,3
399.0,2,2
400.0,2,4
401.0,2,2
402.0,2,2
403.0,2,5
404.0,2,1
405.0,2,5
406.0,2,2
407.0,2,5
408.0,2,2
409.0,2,1
410.0,2,5
411.0,2,4
412.0,2,5
413.0,2,4
414.0,2,3
415.0,2,4
416.0,2,2
417.0,2,4
418.0,2,5
419.0,2,3
420.0,2,1
421.0,2,4
422.0,2,2
423.0,2,4
424.0,2,3
425.0,2,3
426.0,2,1
427.0,2,2
428.0,2,3
429.0,2,4
430.0,2,2
431.0,2,1
432.0,2,2
433.0,2,5
434.0,2,1
435.0,2,2
436.0,2,4
437.0,2,2
438.0,2,1
439.0,2,5
440.0,2,3
441.0,2,4
442.0,2,2
443.0,2,4
444.0,2,3
445.0,2,5
446.0,2,2
447.0,2,5
448.0,2,4
449.0,2,2
450.0,2,2
451.0,2,5
452.0,2,3
453.0,2,2
454.0,2,4
455.0,2,5
456.0,2,3
457.0,2,4
458.0,2,5
1.0,4,4
2.0,4,5
3.0,4,3
4.0,4,3
5.0,4,5
6.0,4,2
7.0,4,4
8.0,4,4
9.0,4,4
10.0,4,3
11.0,4,3
12.0,4,2
13.0,4,4
14.0,4,4
15.0,4,3
16.0,4,4
17.0,4,3
18.0,4,5
19.0,4,4
20.0,4,3
21.0,4,4
22.0,4,5
23.0,4,4
24.0,4,3
25.0,4,4
26.0,4,3
27.0,4,5
28.0,4,4
29.0,4,5
30.0,4,4
31.0,4,5
32.0,4,4
33.0,4,4
34.0,4,4
35.0,4,3
36.0,4,5
37.0,4,5
38.0,4,4
39.0,4,4
40.0,4,4
41.0,4,4
42.0,4,4
43.0,4,4
44.0,4,4
45.0,4,4
46.0,4,4
47.0,4,4
48.0,4,2
49.0,4,5
50.0,4,4
51.0,4,5
52.0,4,4
53.0,4,4
54.0,4,4
55.0,4,4
56.0,4,5
57.0,4,5
58.0,4,5
59.0,4,4
60.0,4,5
61.0,4,4
62.0,4,4
63.0,4,4
64.0,4,4
65.0,4,4
66.0,4,4
67.0,4,4
68.0,4,4
69.0,4,5
70.0,4,2
71.0,4,4
72.0,4,4
73.0,4,4
74.0,4,5
75.0,4,4
76.0,4,4
77.0,4,4
78.0,4,4
79.0,4,4
80.0,4,4
81.0,4,3
82.0,4,4
83.0,4,4
84.0,4,5
85.0,4,3
86.0,4,4
87.0,4,4
88.0,4,4
89.0,4,4
90.0,4,5
91.0,4,5
92.0,4,5
93.0,4,5
94.0,4,4
95.0,4,5
96.0,4,5
97.0,4,4
98.0,4,4
99.0,4,5
100.0,4,5
101.0,4,4
102.0,4,4
103.0,4,4
104.0,4,4
105.0,4,5
106.0,4,4
107.0,4,4
108.0,4,5
109.0,4,4
110.0,4,4
111.0,4,4
112.0,4,4
113.0,4,5
114.0,4,4
115.0,4,2
116.0,4,5
117.0,4,5
118.0,4,4
119.0,4,4
120.0,4,4
121.0,4,4
122.0,4,5
123.0,4,5
124.0,4,3
125.0,4,4
126.0,4,4
127.0,4,5
128.0,4,4
129.0,4,4
130.0,4,4
131.0,4,4
132.0,4,3
133.0,4,4
134.0,4,4
135.0,4,3
136.0,4,4
137.0,4,4
138.0,4,4
139.0,4,4
140.0,4,3
141.0,4,4
142.0,4,5
143.0,4,5
144.0,4,4
145.0,4,4
146.0,4,4
147.0,4,3
148.0,4,4
149.0,4,4
150.0,4,4
151.0,4,4
152.0,4,3
153.0,4,4
154.0,4,4
155.0,4,4
156.0,4,2
157.0,4,3
158.0,4,5
159.0,4,4
160.0,4,4
161.0,4,4
162.0,4,5
163.0,4,5
164.0,4,5
165.0,4,4
166.0,4,4
167.0,4,3
168.0,4,5
169.0,4,4
170.0,4,3
171.0,4,3
172.0,4,4
173.0,4,3
174.0,4,2
175.0,4,4
176.0,4,4
177.0,4,3
178.0,4,5
179.0,4,4
180.0,4,5
181.0,4,5
182.0,4,3
183.0,4,5
184.0,4,4
185.0,4,5
186.0,4,4
187.0,4,4
188.0,4,4
189.0,4,3
190.0,4,5
191.0,4,4
192.0,4,3
193.0,4,3
194.0,4,4
195.0,4,4
196.0,4,4
197.0,4,4
198.0,4,3
199.0,4,3
200.0,4,5
201.0,4,5
202.0,4,4
203.0,4,5
204.0,4,4
205.0,4,4
206.0,4,3
207.0,4,4
208.0,4,4
209.0,4,5
210.0,4,5
211.0,4,3
212.0,4,4
213.0,4,5
214.0,4,4
215.0,4,4
216.0,4,5
217.0,4,4
218.0,4,2
219.0,4,2
220.0,4,5
221.0,4,4
222.0,4,4
223.0,4,4
224.0,4,4
225.0,4,5
226.0,4,3
227.0,4,4
228.0,4,4
229.0,4,4
230.0,4,4
231.0,4,5
232.0,4,4
233.0,4,4
234.0,4,5
235.0,4,5
236.0,4,4
237.0,4,4
238.0,4,4
239.0,4,4
240.0,4,4
241.0,4,4
242.0,4,3
243.0,4,4
244.0,4,5
245.0,4,5
246.0,4,3
247.0,4,3
248.0,4,4
249.0,4,4
250.0,4,5
251.0,4,4
252.0,4,5
253.0,4,5
254.0,4,3
255.0,4,4
256.0,4,4
257.0,4,4
258.0,4,4
259.0,4,4
260.0,4,4
261.0,4,4
262.0,4,5
263.0,4,4
264.0,4,4
265.0,4,3
266.0,4,5
267.0,4,4
268.0,4,4
269.0,4,5
270.0,4,5
271.0,4,3
272.0,4,3
273.0,4,4
274.0,4,4
275.0,4,4
276.0,4,5
277.0,4,5
278.0,4,4
279.0,4,3
280.0,4,4
281.0,4,4
282.0,4,4
283.0,4,5
284.0,4,4
285.0,4,4
286.0,4,5
287.0,4,4
288.0,4,4
289.0,4,4
290.0,4,4
291.0,4,4
292.0,4,3
293.0,4,2
294.0,4,4
295.0,4,2
296.0,4,3
297.0,4,4
298.0,4,4
299.0,4,5
300.0,4,5
301.0,4,5
302.0,4,4
303.0,4,3
304.0,4,4
305.0,4,4
306.0,4,4
307.0,4,5
308.0,4,4
309.0,4,3
310.0,4,4
311.0,4,5
312.0,4,4
313.0,4,4
314.0,4,4
315.0,4,4
316.0,4,4
317.0,4,5
318.0,4,4
319.0,4,5
320.0,4,4
321.0,4,3
322.0,4,4
323.0,4,4
324.0,4,4
325.0,4,5
326.0,4,5
327.0,4,5
328.0,4,5
329.0,4,4
330.0,4,4
331.0,4,4
332.0,4,4
333.0,4,4
334.0,4,4
335.0,4,4
336.0,4,5
337.0,4,5
338.0,4,4
339.0,4,5
340.0,4,4
341.0,4,4
342.0,4,4
343.0,4,4
344.0,4,5
345.0,4,4
346.0,4,5
347.0,4,3
348.0,4,4
349.0,4,3
350.0,4,4
351.0,4,4
352.0,4,5
353.0,4,4
354.0,4,4
355.0,4,4
356.0,4,3
357.0,4,4
358.0,4,4
359.0,4,4
360.0,4,3
361.0,4,5
362.0,4,2
363.0,4,5
364.0,4,4
365.0,4,3
366.0,4,5
367.0,4,5
368.0,4,5
369.0,4,4
370.0,4,4
371.0,4,3
372.0,4,5
373.0,4,4
374.0,4,5
375.0,4,5
376.0,4,4
377.0,4,5
378.0,4,3
379.0,4,4
380.0,4,5
381.0,4,4
382.0,4,3
383.0,4,5
384.0,4,4
385.0,4,4
386.0,4,5
387.0,4,3
388.0,4,4
389.0,4,4
390.0,4,4
391.0,4,4
392.0,4,3
393.0,4,4
394.0,4,3
395.0,4,4
396.0,4,3
397.0,4,5
398.0,4,5
399.0,4,3
400.0,4,4
401.0,4,3
402.0,4,4
403.0,4,5
404.0,4,5
405.0,4,5
406.0,4,4
407.0,4,3
408.0,4,4
409.0,4,5
410.0,4,4
411.0,4,4
412.0,4,5
413.0,4,4
414.0,4,4
415.0,4,4
416.0,4,4
417.0,4,5
418.0,4,4
419.0,4,5
420.0,4,4
421.0,4,5
422.0,4,5
423.0,4,4
424.0,4,5
425.0,4,4
426.0,4,5
427.0,4,5
428.0,4,4
429.0,4,4
430.0,4,4
431.0,4,4
432.0,4,4
433.0,4,4
434.0,4,5
435.0,4,4
436.0,4,5
437.0,4,4
438.0,4,2
439.0,4,4
440.0,4,3
441.0,4,4
442.0,4,4
443.0,4,4
444.0,4,3
445.0,4,5
446.0,4,4
447.0,4,4
448.0,4,5
449.0,4,4
450.0,4,4
451.0,4,5
452.0,4,4
453.0,4,5
454.0,4,4
455.0,4,4
456.0,4,2
457.0,4,5
458.0,4,2
1.0,2,1
2.0,2,1
3.0,2,1
4.0,2,3
5.0,2,3
6.0,2,1
7.0,2,2
8.0,2,2
9.0,2,1
10.0,2,1
11.0,2,2
12.0,2,2
13.0,2,1
14.0,2,2
15.0,2,2
16.0,2,2
17.0,2,4
18.0,2,1
19.0,2,1
20.0,2,2
21.0,2,1
22.0,2,1
23.0,2,2
24.0,2,2
25.0,2,2
26.0,2,3
27.0,2,1
28.0,2,2
29.0,2,1
30.0,2,1
31.0,2,1
32.0,2,4
33.0,2,4
34.0,2,2
35.0,2,2
36.0,2,1
37.0,2,1
38.0,2,1
39.0,2,3
40.0,2,1
41.0,2,4
42.0,2,2
43.0,2,1
44.0,2,3
45.0,2,4
46.0,2,1
47.0,2,1
48.0,2,3
49.0,2,4
50.0,2,3
51.0,2,5
52.0,2,3
53.0,2,2
54.0,2,3
55.0,2,1
56.0,2,1
57.0,2,1
58.0,2,2
59.0,2,1
60.0,2,1
61.0,2,4
62.0,2,2
63.0,2,2
64.0,2,1
65.0,2,1
66.0,2,1
67.0,2,1
68.0,2,2
69.0,2,1
70.0,2,2
71.0,2,1
72.0,2,4
73.0,2,1
74.0,2,1
75.0,2,1
76.0,2,1
77.0,2,1
78.0,2,1
79.0,2,2
80.0,2,4
81.0,2,3
82.0,2,2
83.0,2,2
84.0,2,1
85.0,2,3
86.0,2,1
87.0,2,1
88.0,2,1
89.0,2,1
90.0,2,2
91.0,2,2
92.0,2,2
93.0,2,1
94.0,2,2
95.0,2,2
96.0,2,1
97.0,2,2
98.0,2,2
99.0,2,1
100.0,2,2
101.0,2,4
102.0,2,3
103.0,2,1
104.0,2,2
105.0,2,1
106.0,2,1
107.0,2,2
108.0,2,4
109.0,2,3
110.0,2,1
111.0,2,1
112.0,2,2
113.0,2,1
114.0,2,3
115.0,2,2
116.0,2,5
117.0,2,1
118.0,2,4
119.0,2,2
120.0,2,4
121.0,2,1
122.0,2,5
123.0,2,5
124.0,2,2
125.0,2,1
126.0,2,2
127.0,2,2
128.0,2,1
129.0,2,1
130.0,2,1
131.0,2,1
132.0,2,3
133.0,2,1
134.0,2,2
135.0,2,3
136.0,2,2
137.0,2,1
138.0,2,2
139.0,2,1
140.0,2,2
141.0,2,4
142.0,2,1
143.0,2,1
144.0,2,1
145.0,2,2
146.0,2,2
147.0,2,3
148.0,2,3
149.0,2,2
150.0,2,2
151.0,2,3
152.0,2,3
153.0,2,2
154.0,2,2
155.0,2,1
156.0,2,2
157.0,2,1
158.0,2,1
159.0,2,4
160.0,2,2
161.0,2,4
162.0,2,1
163.0,2,1
164.0,2,1
165.0,2,2
166.0,2,2
167.0,2,1
168.0,2,1
169.0,2,1
170.0,2,2
171.0,2,2
172.0,2,1
173.0,2,1
174.0,2,4
175.0,2,2
176.0,2,1
177.0,2,1
178.0,2,1
179.0,2,2
180.0,2,1
181.0,2,1
182.0,2,1
183.0,2,1
184.0,2,1
185.0,2,1
186.0,2,3
187.0,2,2
188.0,2,2
189.0,2,1
190.0,2,1
191.0,2,2
192.0,2,3
193.0,2,3
194.0,2,1
195.0,2,1
196.0,2,2
197.0,2,3
198.0,2,3
199.0,2,2
200.0,2,1
201.0,2,1
202.0,2,2
203.0,2,2
204.0,2,2
205.0,2,1
206.0,2,3
207.0,2,1
208.0,2,1
209.0,2,4
210.0,2,1
211.0,2,3
212.0,2,2
213.0,2,1
214.0,2,1
215.0,2,1
216.0,2,1
217.0,2,2
218.0,2,4
219.0,2,4
220.0,2,4
221.0,2,2
222.0,2,1
223.0,2,1
224.0,2,4
225.0,2,5
226.0,2,2
227.0,2,3
228.0,2,2
229.0,2,3
230.0,2,2
231.0,2,4
232.0,2,2
233.0,2,2
234.0,2,2
235.0,2,1
236.0,2,1
237.0,2,4
238.0,2,2
239.0,2,2
240.0,2,2
241.0,2,3
242.0,2,1
243.0,2,1
244.0,2,1
245.0,2,1
246.0,2,5
247.0,2,5
248.0,2,3
249.0,2,2
250.0,2,2
251.0,2,2
252.0,2,2
253.0,2,1
254.0,2,1
255.0,2,1
256.0,2,2
257.0,2,4
258.0,2,1
259.0,2,4
260.0,2,1
261.0,2,3
262.0,2,1
263.0,2,1
264.0,2,1
265.0,2,3
266.0,2,1
267.0,2,4
268.0,2,4
269.0,2,1
270.0,2,1
271.0,2,3
272.0,2,2
273.0,2,1
274.0,2,3
275.0,2,1
276.0,2,1
277.0,2,1
278.0,2,1
279.0,2,1
280.0,2,2
281.0,2,2
282.0,2,2
283.0,2,1
284.0,2,1
285.0,2,2
286.0,2,1
287.0,2,2
288.0,2,2
289.0,2,3
290.0,2,1
291.0,2,1
292.0,2,2
293.0,2,4
294.0,2,1
295.0,2,2
296.0,2,2
297.0,2,1
298.0,2,1
299.0,2,1
300.0,2,1
301.0,2,1
302.0,2,2
303.0,2,5
304.0,2,2
305.0,2,1
306.0,2,2
307.0,2,1
308.0,2,1
309.0,2,2
310.0,2,2
311.0,2,2
312.0,2,2
313.0,2,2
314.0,2,2
315.0,2,4
316.0,2,2
317.0,2,2
318.0,2,2
319.0,2,4
320.0,2,1
321.0,2,2
322.0,2,2
323.0,2,4
324.0,2,2
325.0,2,1
326.0,2,2
327.0,2,1
328.0,2,1
329.0,2,1
330.0,2,1
331.0,2,2
332.0,2,1
333.0,2,1
334.0,2,1
335.0,2,2
336.0,2,1
337.0,2,1
338.0,2,3
339.0,2,1
340.0,2,3
341.0,2,2
342.0,2,1
343.0,2,2
344.0,2,1
345.0,2,4
346.0,2,2
347.0,2,2
348.0,2,4
349.0,2,2
350.0,2,4
351.0,2,4
352.0,2,1
353.0,2,1
354.0,2,1
355.0,2,1
356.0,2,2
357.0,2,2
358.0,2,1
359.0,2,2
360.0,2,1
361.0,2,1
362.0,2,3
363.0,2,2
364.0,2,1
365.0,2,1
366.0,2,1
367.0,2,1
368.0,2,1
369.0,2,2
370.0,2,3
371.0,2,3
372.0,2,1
373.0,2,1
374.0,2,1
375.0,2,1
376.0,2,2
377.0,2,1
378.0,2,4
379.0,2,1
380.0,2,2
381.0,2,2
382.0,2,3
383.0,2,1
384.0,2,1
385.0,2,2
386.0,2,1
387.0,2,3
388.0,2,1
389.0,2,1
390.0,2,2
391.0,2,3
392.0,2,4
393.0,2,3
394.0,2,5
395.0,2,2
396.0,2,3
397.0,2,2
398.0,2,4
399.0,2,2
400.0,2,2
401.0,2,2
402.0,2,1
403.0,2,1
404.0,2,1
405.0,2,5
406.0,2,1
407.0,2,2
408.0,2,1
409.0,2,1
410.0,2,1
411.0,2,3
412.0,2,1
413.0,2,2
414.0,2,2
415.0,2,4
416.0,2,2
417.0,2,1
418.0,2,2
419.0,2,3
420.0,2,1
421.0,2,5
422.0,2,2
423.0,2,2
424.0,2,1
425.0,2,2
426.0,2,1
427.0,2,1
428.0,2,2
429.0,2,2
430.0,2,2
431.0,2,1
432.0,2,1
433.0,2,2
434.0,2,1
435.0,2,3
436.0,2,2
437.0,2,2
438.0,2,1
439.0,2,4
440.0,2,2
441.0,2,1
442.0,2,1
443.0,2,2
444.0,2,2
445.0,2,2
446.0,2,2
447.0,2,1
448.0,2,1
449.0,2,2
450.0,2,2
451.0,2,1
452.0,2,2
453.0,2,2
454.0,2,4
455.0,2,3
456.0,2,3
457.0,2,1
458.0,2,2
1.0,2,5
2.0,2,4
3.0,2,5
4.0,2,3
5.0,2,4
6.0,2,5
7.0,2,4
8.0,2,4
9.0,2,4
10.0,2,4
11.0,2,3
12.0,2,4
13.0,2,5
14.0,2,4
15.0,2,4
16.0,2,4
17.0,2,3
18.0,2,4
19.0,2,4
20.0,2,4
21.0,2,5
22.0,2,5
23.0,2,4
24.0,2,5
25.0,2,3
26.0,2,4
27.0,2,5
28.0,2,4
29.0,2,4
30.0,2,4
31.0,2,5
32.0,2,4
33.0,2,4
34.0,2,4
35.0,2,3
36.0,2,5
37.0,2,5
38.0,2,5
39.0,2,4
40.0,2,5
41.0,2,3
42.0,2,4
43.0,2,4
44.0,2,3
45.0,2,4
46.0,2,4
47.0,2,4
48.0,2,3
49.0,2,5
50.0,2,3
51.0,2,5
52.0,2,3
53.0,2,5
54.0,2,4
55.0,2,5
56.0,2,5
57.0,2,5
58.0,2,5
59.0,2,4
60.0,2,5
61.0,2,4
62.0,2,4
63.0,2,4
64.0,2,4
65.0,2,4
66.0,2,4
67.0,2,5
68.0,2,4
69.0,2,5
70.0,2,4
71.0,2,4
72.0,2,4
73.0,2,5
74.0,2,5
75.0,2,4
76.0,2,3
77.0,2,5
78.0,2,4
79.0,2,4
80.0,2,4
81.0,2,3
82.0,2,5
83.0,2,4
84.0,2,5
85.0,2,4
86.0,2,5
87.0,2,5
88.0,2,4
89.0,2,3
90.0,2,4
91.0,2,5
92.0,2,4
93.0,2,5
94.0,2,4
95.0,2,3
96.0,2,5
97.0,2,5
98.0,2,4
99.0,2,5
100.0,2,5
101.0,2,4
102.0,2,4
103.0,2,5
104.0,2,4
105.0,2,5
106.0,2,4
107.0,2,4
108.0,2,4
109.0,2,3
110.0,2,4
111.0,2,4
112.0,2,4
113.0,2,5
114.0,2,4
115.0,2,4
116.0,2,5
117.0,2,5
118.0,2,4
119.0,2,5
120.0,2,4
121.0,2,5
122.0,2,5
123.0,2,5
124.0,2,4
125.0,2,5
126.0,2,4
127.0,2,4
128.0,2,4
129.0,2,5
130.0,2,5
131.0,2,5
132.0,2,3
133.0,2,5
134.0,2,4
135.0,2,3
136.0,2,4
137.0,2,4
138.0,2,5
139.0,2,4
140.0,2,3
141.0,2,4
142.0,2,5
143.0,2,5
144.0,2,4
145.0,2,4
146.0,2,5
147.0,2,4
148.0,2,3
149.0,2,4
150.0,2,4
151.0,2,4
152.0,2,3
153.0,2,4
154.0,2,4
155.0,2,5
156.0,2,4
157.0,2,4
158.0,2,5
159.0,2,4
160.0,2,4
161.0,2,5
162.0,2,5
163.0,2,5
164.0,2,5
165.0,2,4
166.0,2,5
167.0,2,5
168.0,2,5
169.0,2,5
170.0,2,3
171.0,2,4
172.0,2,4
173.0,2,4
174.0,2,2
175.0,2,4
176.0,2,5
177.0,2,4
178.0,2,5
179.0,2,4
180.0,2,5
181.0,2,5
182.0,2,4
183.0,2,5
184.0,2,5
185.0,2,5
186.0,2,4
187.0,2,4
188.0,2,4
189.0,2,4
190.0,2,5
191.0,2,5
192.0,2,4
193.0,2,4
194.0,2,4
195.0,2,5
196.0,2,4
197.0,2,4
198.0,2,3
199.0,2,3
200.0,2,4
201.0,2,3
202.0,2,5
203.0,2,5
204.0,2,5
205.0,2,4
206.0,2,3
207.0,2,4
208.0,2,4
209.0,2,5
210.0,2,5
211.0,2,3
212.0,2,5
213.0,2,5
214.0,2,4
215.0,2,5
216.0,2,5
217.0,2,4
218.0,2,3
219.0,2,2
220.0,2,4
221.0,2,5
222.0,2,1
223.0,2,4
224.0,2,4
225.0,2,5
226.0,2,4
227.0,2,4
228.0,2,4
229.0,2,4
230.0,2,4
231.0,2,4
232.0,2,5
233.0,2,4
234.0,2,4
235.0,2,5
236.0,2,5
237.0,2,3
238.0,2,3
239.0,2,4
240.0,2,3
241.0,2,5
242.0,2,5
243.0,2,4
244.0,2,3
245.0,2,5
246.0,2,2
247.0,2,3
248.0,2,3
249.0,2,5
250.0,2,4
251.0,2,4
252.0,2,4
253.0,2,5
254.0,2,4
255.0,2,4
256.0,2,4
257.0,2,4
258.0,2,4
259.0,2,4
260.0,2,4
261.0,2,3
262.0,2,5
263.0,2,5
264.0,2,5
265.0,2,3
266.0,2,5
267.0,2,4
268.0,2,4
269.0,2,3
270.0,2,5
271.0,2,5
272.0,2,4
273.0,2,4
274.0,2,4
275.0,2,4
276.0,2,5
277.0,2,5
278.0,2,5
279.0,2,5
280.0,2,5
281.0,2,4
282.0,2,5
283.0,2,5
284.0,2,4
285.0,2,4
286.0,2,5
287.0,2,4
288.0,2,4
289.0,2,5
290.0,2,5
291.0,2,4
292.0,2,3
293.0,2,3
294.0,2,5
295.0,2,3
296.0,2,4
297.0,2,4
298.0,2,5
299.0,2,4
300.0,2,4
301.0,2,5
302.0,2,4
303.0,2,2
304.0,2,4
305.0,2,4
306.0,2,4
307.0,2,5
308.0,2,5
309.0,2,3
310.0,2,4
311.0,2,5
312.0,2,4
313.0,2,4
314.0,2,4
315.0,2,5
316.0,2,3
317.0,2,4
318.0,2,4
319.0,2,3
320.0,2,5
321.0,2,4
322.0,2,5
323.0,2,4
324.0,2,5
325.0,2,5
326.0,2,4
327.0,2,5
328.0,2,5
329.0,2,5
330.0,2,5
331.0,2,4
332.0,2,5
333.0,2,5
334.0,2,5
335.0,2,4
336.0,2,5
337.0,2,5
338.0,2,4
339.0,2,5
340.0,2,4
341.0,2,4
342.0,2,5
343.0,2,4
344.0,2,4
345.0,2,4
346.0,2,4
347.0,2,3
348.0,2,3
349.0,2,4
350.0,2,4
351.0,2,4
352.0,2,5
353.0,2,4
354.0,2,5
355.0,2,4
356.0,2,3
357.0,2,3
358.0,2,5
359.0,2,4
360.0,2,4
361.0,2,3
362.0,2,4
363.0,2,4
364.0,2,5
365.0,2,5
366.0,2,5
367.0,2,5
368.0,2,5
369.0,2,4
370.0,2,4
371.0,2,4
372.0,2,5
373.0,2,5
374.0,2,5
375.0,2,5
376.0,2,4
377.0,2,5
378.0,2,1
379.0,2,4
380.0,2,4
381.0,2,4
382.0,2,4
383.0,2,4
384.0,2,5
385.0,2,3
386.0,2,4
387.0,2,3
388.0,2,5
389.0,2,4
390.0,2,4
391.0,2,3
392.0,2,4
393.0,2,3
394.0,2,3
395.0,2,4
396.0,2,4
397.0,2,5
398.0,2,3
399.0,2,3
400.0,2,3
401.0,2,4
402.0,2,5
403.0,2,5
404.0,2,5
405.0,2,5
406.0,2,4
407.0,2,4
408.0,2,5
409.0,2,5
410.0,2,5
411.0,2,4
412.0,2,5
413.0,2,4
414.0,2,4
415.0,2,4
416.0,2,5
417.0,2,5
418.0,2,4
419.0,2,4
420.0,2,4
421.0,2,5
422.0,2,4
423.0,2,4
424.0,2,5
425.0,2,4
426.0,2,5
427.0,2,5
428.0,2,4
429.0,2,5
430.0,2,4
431.0,2,5
432.0,2,5
433.0,2,4
434.0,2,5
435.0,2,4
436.0,2,4
437.0,2,4
438.0,2,4
439.0,2,3
440.0,2,4
441.0,2,5
442.0,2,5
443.0,2,4
444.0,2,5
445.0,2,5
446.0,2,4
447.0,2,4
448.0,2,5
449.0,2,4
450.0,2,3
451.0,2,5
452.0,2,4
453.0,2,5
454.0,2,4
455.0,2,3
456.0,2,3
457.0,2,5
458.0,2,5
1.0,2,5
2.0,2,5
3.0,2,4
4.0,2,3
5.0,2,5
6.0,2,4
7.0,2,4
8.0,2,5
9.0,2,4
10.0,2,5
11.0,2,4
12.0,2,4
13.0,2,5
14.0,2,4
15.0,2,3
16.0,2,4
17.0,2,5
18.0,2,5
19.0,2,5
20.0,2,4
21.0,2,5
22.0,2,5
23.0,2,5
24.0,2,3
25.0,2,5
26.0,2,2
27.0,2,5
28.0,2,5
29.0,2,5
30.0,2,4
31.0,2,5
32.0,2,4
33.0,2,4
34.0,2,4
35.0,2,4
36.0,2,5
37.0,2,5
38.0,2,5
39.0,2,5
40.0,2,5
41.0,2,4
42.0,2,5
43.0,2,4
44.0,2,4
45.0,2,4
46.0,2,4
47.0,2,4
48.0,2,3
49.0,2,3
50.0,2,4
51.0,2,5
52.0,2,4
53.0,2,5
54.0,2,4
55.0,2,5
56.0,2,5
57.0,2,5
58.0,2,5
59.0,2,5
60.0,2,5
61.0,2,4
62.0,2,4
63.0,2,4
64.0,2,4
65.0,2,4
66.0,2,5
67.0,2,5
68.0,2,4
69.0,2,5
70.0,2,4
71.0,2,4
72.0,2,4
73.0,2,5
74.0,2,4
75.0,2,5
76.0,2,4
77.0,2,5
78.0,2,5
79.0,2,4
80.0,2,4
81.0,2,3
82.0,2,5
83.0,2,4
84.0,2,5
85.0,2,5
86.0,2,5
87.0,2,4
88.0,2,5
89.0,2,3
90.0,2,5
91.0,2,5
92.0,2,5
93.0,2,5
94.0,2,5
95.0,2,4
96.0,2,4
97.0,2,5
98.0,2,4
99.0,2,5
100.0,2,5
101.0,2,4
102.0,2,5
103.0,2,5
104.0,2,4
105.0,2,5
106.0,2,4
107.0,2,4
108.0,2,5
109.0,2,4
110.0,2,4
111.0,2,5
112.0,2,5
113.0,2,5
114.0,2,4
115.0,2,5
116.0,2,5
117.0,2,5
118.0,2,5
119.0,2,5
120.0,2,4
121.0,2,5
122.0,2,5
123.0,2,5
124.0,2,4
125.0,2,5
126.0,2,4
127.0,2,4
128.0,2,5
129.0,2,5
130.0,2,5
131.0,2,4
132.0,2,4
133.0,2,5
134.0,2,4
135.0,2,4
136.0,2,4
137.0,2,5
138.0,2,4
139.0,2,3
140.0,2,3
141.0,2,4
142.0,2,5
143.0,2,5
144.0,2,4
145.0,2,4
146.0,2,4
147.0,2,5
148.0,2,4
149.0,2,4
150.0,2,5
151.0,2,2
152.0,2,3
153.0,2,4
154.0,2,4
155.0,2,5
156.0,2,4
157.0,2,4
158.0,2,5
159.0,2,4
160.0,2,5
161.0,2,5
162.0,2,5
163.0,2,5
164.0,2,5
165.0,2,4
166.0,2,4
167.0,2,5
168.0,2,4
169.0,2,5
170.0,2,4
171.0,2,4
172.0,2,5
173.0,2,5
174.0,2,4
175.0,2,4
176.0,2,5
177.0,2,3
178.0,2,4
179.0,2,5
180.0,2,5
181.0,2,5
182.0,2,5
183.0,2,5
184.0,2,5
185.0,2,5
186.0,2,3
187.0,2,3
188.0,2,4
189.0,2,5
190.0,2,5
191.0,2,5
192.0,2,4
193.0,2,4
194.0,2,5
195.0,2,4
196.0,2,4
197.0,2,5
198.0,2,4
199.0,2,3
200.0,2,5
201.0,2,5
202.0,2,4
203.0,2,5
204.0,2,5
205.0,2,4
206.0,2,3
207.0,2,4
208.0,2,4
209.0,2,5
210.0,2,5
211.0,2,3
212.0,2,5
213.0,2,4
214.0,2,5
215.0,2,5
216.0,2,4
217.0,2,3
218.0,2,5
219.0,2,4
220.0,2,5
221.0,2,5
222.0,2,5
223.0,2,4
224.0,2,4
225.0,2,5
226.0,2,4
227.0,2,4
228.0,2,4
229.0,2,3
230.0,2,5
231.0,2,4
232.0,2,5
233.0,2,4
234.0,2,5
235.0,2,5
236.0,2,5
237.0,2,4
238.0,2,4
239.0,2,5
240.0,2,4
241.0,2,4
242.0,2,5
243.0,2,5
244.0,2,5
245.0,2,5
246.0,2,2
247.0,2,3
248.0,2,5
249.0,2,5
250.0,2,5
251.0,2,5
252.0,2,5
253.0,2,5
254.0,2,4
255.0,2,4
256.0,2,4
257.0,2,4
258.0,2,4
259.0,2,4
260.0,2,4
261.0,2,3
262.0,2,5
263.0,2,5
264.0,2,5
265.0,2,3
266.0,2,5
267.0,2,4
268.0,2,4
269.0,2,3
270.0,2,5
271.0,2,4
272.0,2,4
273.0,2,4
274.0,2,4
275.0,2,4
276.0,2,5
277.0,2,5
278.0,2,5
279.0,2,5
280.0,2,5
281.0,2,4
282.0,2,5
283.0,2,5
284.0,2,4
285.0,2,4
286.0,2,5
287.0,2,4
288.0,2,3
289.0,2,5
290.0,2,4
291.0,2,5
292.0,2,5
293.0,2,5
294.0,2,5
295.0,2,4
296.0,2,4
297.0,2,4
298.0,2,5
299.0,2,5
300.0,2,5
301.0,2,5
302.0,2,5
303.0,2,2
304.0,2,4
305.0,2,4
306.0,2,4
307.0,2,5
308.0,2,5
309.0,2,3
310.0,2,4
311.0,2,4
312.0,2,4
313.0,2,4
314.0,2,4
315.0,2,2
316.0,2,5
317.0,2,4
318.0,2,4
319.0,2,3
320.0,2,5
321.0,2,4
322.0,2,5
323.0,2,4
324.0,2,4
325.0,2,5
326.0,2,5
327.0,2,5
328.0,2,5
329.0,2,4
330.0,2,5
331.0,2,4
332.0,2,5
333.0,2,5
334.0,2,5
335.0,2,4
336.0,2,4
337.0,2,5
338.0,2,4
339.0,2,5
340.0,2,5
341.0,2,4
342.0,2,5
343.0,2,4
344.0,2,5
345.0,2,4
346.0,2,5
347.0,2,4
348.0,2,4
349.0,2,5
350.0,2,4
351.0,2,4
352.0,2,4
353.0,2,5
354.0,2,5
355.0,2,5
356.0,2,4
357.0,2,4
358.0,2,4
359.0,2,4
360.0,2,4
361.0,2,5
362.0,2,5
363.0,2,5
364.0,2,5
365.0,2,5
366.0,2,5
367.0,2,5
368.0,2,5
369.0,2,3
370.0,2,5
371.0,2,4
372.0,2,5
373.0,2,5
374.0,2,5
375.0,2,5
376.0,2,4
377.0,2,5
378.0,2,3
379.0,2,4
380.0,2,5
381.0,2,4
382.0,2,4
383.0,2,5
384.0,2,5
385.0,2,4
386.0,2,5
387.0,2,3
388.0,2,5
389.0,2,4
390.0,2,4
391.0,2,4
392.0,2,4
393.0,2,3
394.0,2,4
395.0,2,5
396.0,2,3
397.0,2,5
398.0,2,4
399.0,2,4
400.0,2,4
401.0,2,2
402.0,2,5
403.0,2,5
404.0,2,5
405.0,2,5
406.0,2,5
407.0,2,4
408.0,2,5
409.0,2,5
410.0,2,5
411.0,2,4
412.0,2,5
413.0,2,4
414.0,2,4
415.0,2,4
416.0,2,5
417.0,2,5
418.0,2,5
419.0,2,4
420.0,2,5
421.0,2,5
422.0,2,5
423.0,2,4
424.0,2,5
425.0,2,4
426.0,2,5
427.0,2,5
428.0,2,5
429.0,2,5
430.0,2,5
431.0,2,5
432.0,2,5
433.0,2,5
434.0,2,5
435.0,2,5
436.0,2,3
437.0,2,4
438.0,2,5
439.0,2,5
440.0,2,4
441.0,2,4
442.0,2,5
443.0,2,5
444.0,2,5
445.0,2,5
446.0,2,5
447.0,2,5
448.0,2,4
449.0,2,4
450.0,2,4
451.0,2,5
452.0,2,4
453.0,2,5
454.0,2,5
455.0,2,4
456.0,2,5
457.0,2,5
458.0,2,5
1.0,5,4
2.0,5,3
3.0,5,4
4.0,5,2
5.0,5,3
6.0,5,5
7.0,5,4
8.0,5,4
9.0,5,5
10.0,5,4
11.0,5,3
12.0,5,3
13.0,5,4
14.0,5,4
15.0,5,4
16.0,5,4
17.0,5,4
18.0,5,4
19.0,5,4
20.0,5,4
21.0,5,4
22.0,5,4
23.0,5,5
24.0,5,3
25.0,5,5
26.0,5,4
27.0,5,5
28.0,5,5
29.0,5,5
30.0,5,4
31.0,5,5
32.0,5,4
33.0,5,5
34.0,5,3
35.0,5,3
36.0,5,4
37.0,5,5
38.0,5,4
39.0,5,3
40.0,5,3
41.0,5,4
42.0,5,4
43.0,5,5
44.0,5,4
45.0,5,4
46.0,5,4
47.0,5,4
48.0,5,3
49.0,5,4
50.0,5,4
51.0,5,5
52.0,5,4
53.0,5,4
54.0,5,3
55.0,5,4
56.0,5,5
57.0,5,4
58.0,5,4
59.0,5,5
60.0,5,5
61.0,5,5
62.0,5,5
63.0,5,4
64.0,5,5
65.0,5,3
66.0,5,4
67.0,5,5
68.0,5,4
69.0,5,5
70.0,5,5
71.0,5,4
72.0,5,4
73.0,5,4
74.0,5,3
75.0,5,4
76.0,5,2
77.0,5,5
78.0,5,4
79.0,5,3
80.0,5,4
81.0,5,3
82.0,5,4
83.0,5,3
84.0,5,5
85.0,5,4
86.0,5,5
87.0,5,3
88.0,5,4
89.0,5,3
90.0,5,5
91.0,5,3
92.0,5,5
93.0,5,5
94.0,5,4
95.0,5,4
96.0,5,5
97.0,5,5
98.0,5,5
99.0,5,5
100.0,5,5
101.0,5,4
102.0,5,4
103.0,5,5
104.0,5,4
105.0,5,5
106.0,5,4
107.0,5,4
108.0,5,5
109.0,5,3
110.0,5,4
111.0,5,5
112.0,5,5
113.0,5,5
114.0,5,3
115.0,5,5
116.0,5,5
117.0,5,5
118.0,5,5
119.0,5,5
120.0,5,4
121.0,5,5
122.0,5,5
123.0,5,5
124.0,5,3
125.0,5,4
126.0,5,3
127.0,5,5
128.0,5,5
129.0,5,5
130.0,5,4
131.0,5,4
132.0,5,3
133.0,5,4
134.0,5,4
135.0,5,4
136.0,5,3
137.0,5,3
138.0,5,5
139.0,5,4
140.0,5,3
141.0,5,4
142.0,5,5
143.0,5,5
144.0,5,3
145.0,5,4
146.0,5,5
147.0,5,4
148.0,5,4
149.0,5,4
150.0,5,3
151.0,5,2
152.0,5,3
153.0,5,5
154.0,5,4
155.0,5,5
156.0,5,3
157.0,5,3
158.0,5,5
159.0,5,3
160.0,5,5
161.0,5,3
162.0,5,5
163.0,5,5
164.0,5,5
165.0,5,4
166.0,5,4
167.0,5,5
168.0,5,4
169.0,5,5
170.0,5,4
171.0,5,3
172.0,5,5
173.0,5,5
174.0,5,2
175.0,5,4
176.0,5,5
177.0,5,4
178.0,5,5
179.0,5,5
180.0,5,5
181.0,5,5
182.0,5,4
183.0,5,3
184.0,5,4
185.0,5,5
186.0,5,3
187.0,5,5
188.0,5,5
189.0,5,3
190.0,5,5
191.0,5,5
192.0,5,4
193.0,5,3
194.0,5,5
195.0,5,4
196.0,5,4
197.0,5,4
198.0,5,2
199.0,5,3
200.0,5,4
201.0,5,4
202.0,5,4
203.0,5,4
204.0,5,4
205.0,5,5
206.0,5,3
207.0,5,5
208.0,5,4
209.0,5,4
210.0,5,3
211.0,5,3
212.0,5,3
213.0,5,5
214.0,5,5
215.0,5,4
216.0,5,5
217.0,5,3
218.0,5,5
219.0,5,5
220.0,5,4
221.0,5,3
222.0,5,5
223.0,5,5
224.0,5,5
225.0,5,5
226.0,5,3
227.0,5,5
228.0,5,5
229.0,5,3
230.0,5,5
231.0,5,4
232.0,5,5
233.0,5,5
234.0,5,5
235.0,5,5
236.0,5,5
237.0,5,2
238.0,5,4
239.0,5,2
240.0,5,3
241.0,5,3
242.0,5,3
243.0,5,5
244.0,5,4
245.0,5,5
246.0,5,2
247.0,5,3
248.0,5,5
249.0,5,3
250.0,5,5
251.0,5,4
252.0,5,5
253.0,5,4
254.0,5,4
255.0,5,4
256.0,5,4
257.0,5,4
258.0,5,4
259.0,5,3
260.0,5,4
261.0,5,3
262.0,5,5
263.0,5,5
264.0,5,3
265.0,5,3
266.0,5,5
267.0,5,4
268.0,5,5
269.0,5,4
270.0,5,5
271.0,5,3
272.0,5,5
273.0,5,4
274.0,5,4
275.0,5,4
276.0,5,5
277.0,5,5
278.0,5,5
279.0,5,5
280.0,5,5
281.0,5,5
282.0,5,4
283.0,5,4
284.0,5,5
285.0,5,3
286.0,5,5
287.0,5,5
288.0,5,4
289.0,5,4
290.0,5,4
291.0,5,5
292.0,5,4
293.0,5,3
294.0,5,5
295.0,5,3
296.0,5,4
297.0,5,5
298.0,5,5
299.0,5,4
300.0,5,5
301.0,5,5
302.0,5,5
303.0,5,4
304.0,5,3
305.0,5,4
306.0,5,4
307.0,5,5
308.0,5,4
309.0,5,3
310.0,5,4
311.0,5,4
312.0,5,4
313.0,5,4
314.0,5,5
315.0,5,5
316.0,5,3
317.0,5,3
318.0,5,5
319.0,5,3
320.0,5,5
321.0,5,5
322.0,5,5
323.0,5,5
324.0,5,3
325.0,5,5
326.0,5,4
327.0,5,4
328.0,5,5
329.0,5,5
330.0,5,4
331.0,5,4
332.0,5,3
333.0,5,4
334.0,5,4
335.0,5,3
336.0,5,5
337.0,5,5
338.0,5,4
339.0,5,5
340.0,5,4
341.0,5,4
342.0,5,4
343.0,5,4
344.0,5,4
345.0,5,5
346.0,5,5
347.0,5,4
348.0,5,4
349.0,5,4
350.0,5,4
351.0,5,4
352.0,5,4
353.0,5,4
354.0,5,4
355.0,5,4
356.0,5,4
357.0,5,4
358.0,5,4
359.0,5,4
360.0,5,4
361.0,5,3
362.0,5,4
363.0,5,3
364.0,5,3
365.0,5,5
366.0,5,5
367.0,5,5
368.0,5,4
369.0,5,3
370.0,5,4
371.0,5,3
372.0,5,5
373.0,5,5
374.0,5,5
375.0,5,4
376.0,5,4
377.0,5,5
378.0,5,2
379.0,5,5
380.0,5,5
381.0,5,4
382.0,5,4
383.0,5,5
384.0,5,4
385.0,5,5
386.0,5,5
387.0,5,3
388.0,5,3
389.0,5,4
390.0,5,4
391.0,5,5
392.0,5,2
393.0,5,4
394.0,5,2
395.0,5,4
396.0,5,3
397.0,5,5
398.0,5,3
399.0,5,4
400.0,5,3
401.0,5,3
402.0,5,5
403.0,5,5
404.0,5,5
405.0,5,5
406.0,5,4
407.0,5,5
408.0,5,5
409.0,5,5
410.0,5,4
411.0,5,4
412.0,5,5
413.0,5,4
414.0,5,5
415.0,5,4
416.0,5,5
417.0,5,5
418.0,5,4
419.0,5,4
420.0,5,3
421.0,5,5
422.0,5,5
423.0,5,4
424.0,5,5
425.0,5,4
426.0,5,5
427.0,5,5
428.0,5,3
429.0,5,5
430.0,5,5
431.0,5,5
432.0,5,4
433.0,5,5
434.0,5,5
435.0,5,4
436.0,5,4
437.0,5,4
438.0,5,2
439.0,5,2
440.0,5,4
441.0,5,5
442.0,5,5
443.0,5,5
444.0,5,4
445.0,5,4
446.0,5,5
447.0,5,5
448.0,5,5
449.0,5,3
450.0,5,3
451.0,5,5
452.0,5,4
453.0,5,5
454.0,5,3
455.0,5,3
456.0,5,3
457.0,5,4
458.0,5,5
